UniqueCount	AmbigCount
3	165
456	19
0	32
0	54
0	4
0	1
0	0
0	1
3	23
0	43
15	0
1	0
202	35
0	9
76	0
64	8
0	5
328	0
0	1
0	53
6	33
0	25
0	0
0	61
3	0
87	10
20	0
0	2
33	19
0	109
0	8
0	101
0	19
404	0
0	182
0	1
4	1
6	0
23	17
27	2
12	0
4	8
0	12
71	0
0	0
166	0
0	15
31	31
114	9
0	2
0	95
60	122
10	161
25	31
0	65
0	2
0	13
29	17
15	82
0	51
31	5
164	2
73	19
0	10
1	3
55	0
592	717
0	20
18	4
2	25
84	0
119	2
0	4
0	39
3	0
153	1892
162	0
0	11
1	18
50	196
78	22
20	11
52	139
258	0
0	0
151	0
60	12
0	19
3	0
0	10
43	0
45	0
0	0
34	0
11	8
2	15
383	0
11	15
50	24
16	7
0	9
142	0
0	80
3	0
0	3
123	0
16	233
464	2827
0	427
0	8
0	102
1104	0
0	2
3	0
0	167
0	109
85	0
55	0
85	0
3	2
151	0
0	19
0	12
77	205
185	1193
0	11
0	964
405	1059
24	13
4	216
46	19
706	0
5	5
0	359
4	30
51	17
156	0
53	0
171	0
29	0
82	0
0	31
2	16
0	176
166	0
4	2
21	0
52	0
849	0
472	0
2269	0
0	29
5	717
6	15
0	0
0	7
0	33
0	122
0	58
0	27
71	24
309	0
21	0
0	16
23	0
15	1
5	418
42	30
135	0
0	22
0	60
198	61
1	165
150	176
2	211
3	10
85	0
0	2
0	115
1	0
287	0
0	22
137	0
0	0
106	35
0	5
2	0
0	23
268	0
12	13
2	10
8	0
5	35
39	0
0	19
116	0
243	0
420	4
67	0
0	25
68	0
200	0
0	1
0	14
23	23
52	0
17	57
57	0
0	114
22	26
0	11
0	53
0	27
0	25
0	44
632	1096
40	0
42	0
59	0
12	255
120	1429
0	0
11	0
0	17
17	0
146	0
14	149
4	0
754	217
5	0
96	0
0	5
3	57
87	50
0	20
41	0
44	0
0	61
279	0
0	64
1839	1
122	21
123	0
804	189
42	0
341	0
0	24
0	131
224	0
1	0
49	0
36	217
1	91
28	9
594	0
796	0
48	30
157	0
50	0
751	3
146	0
7	4
0	84
23	160
11	0
0	27
1076	0
6	0
0	79
35	0
43	116
0	116
7	0
208	0
0	29
20	1
116	90
16	0
271	14
1045	498
0	21
0	1
112	0
0	12
6	69
26	37
583	0
0	20
50	5
0	0
0	191
0	3
77	0
14	0
0	41
17	0
0	2
211	0
0	17
0	8
0	0
54	2
89	0
0	256
10	0
229	178
10	0
82	3
526	1
101	0
23	8
45	0
36	2
12	24
14	0
183	0
181	0
38	2
54	57
0	13
72	26
0	351
22	0
6	17
243	0
15	0
0	19
62	0
12	2
0	72
14	5
3	3
0	9
4	9
10	36
58	0
293	0
18	0
41	0
0	52
16	31
0	163
0	56
88	157
0	26
1729	0
78	20
107	0
0	49
0	0
0	11
139	2
16	42
11	124
305	6
37	2
91	0
0	8
13	12
37	0
20	6
38	6
0	73
39	0
2	0
0	29
0	19
0	7
113	0
0	58
331	0
7	0
105	6
0	3
0	10
30	0
9	2
35	0
56	0
0	293
0	481
13	0
125	0
14	67
73	25
1	11
27	1
4	28
5	0
0	53
223	20
0	142
202	0
0	255
57	0
26	0
108	0
61	3
100	0
44	0
0	0
100	0
0	4
72	0
0	1
0	23
0	4
33	0
564	0
0	9
294	0
118	178
0	344
0	72
74	0
0	21
0	8
180	0
257	0
0	18
16	47
897	6
215	0
0	6
78	0
29	0
82	0
2	6
29	0
1	0
339	0
121	0
0	48
34	0
48	0
42	33
0	0
11	14
329	0
48	0
323	1
51	33
0	51
21	0
55	20
5	0
62	0
14	0
11	0
36	2
52	115
79	0
10	33
0	18
0	12
45	2
0	26
111	35
117	44
52	199
9	68
56	0
0	117
0	85
12	0
10	17486
6	1
5	5
8	0
0	3
7	6
0	12
0	1
0	8
0	0
473	243
3	0
35	2
0	1427
160	332
0	102
95	0
40	0
0	9
0	12
48	32
0	7
0	4
105	85
0	23
0	65
0	38
77	0
46	0
30	0
149	0
447	0
93	0
57	2
32	275
33	0
0	148
52	112
74	15
75	11
708	0
69	0
161	0
446	49
216	0
136	112
104	0
0	50
0	56
57	0
287	0
56	26
0	54
5	42
9	0
2	125
0	0
1	142
9	0
14	61
0	57
8	19
6	0
0	21
57	0
97	0
28	10
0	42
0	1228
438	0
0	29
201	0
41	0
374	0
0	115
226	0
17	74
90	0
100	0
356	22
59	17
4	0
841	82
12	0
474	0
40	0
0	129
0	10
0	29
0	30
220	0
9	0
0	72
11	66
88	0
6	0
64	217
3	39
0	1
192	11
119	0
0	199
0	11
4	50
2	73
2	24
145	58
0	19
41	0
6	267
154	188
1	107
0	37
55	80
48	22
0	105
0	80
256	0
0	34
1	38
28	75
1	87
65	115
103	27
1252	1
108	269
178	524
4	85
407	47
63	4
0	280
5	47
28	0
0	109
43	0
0	63
2	352
0	5
24	0
8	13
6	0
46	0
0	6
0	0
0	43
0	12
81	28
0	224
0	39
31	0
216	0
0	25
0	107
17	7
0	4
0	21
5	4
0	9
16	118
50	33
0	49
64	16
7	20
337	0
103	3090
13	37
424	217
152	0
36	0
0	2023
74	0
17	0
0	37
0	1265
0	58
56	0
5	6
74	0
290	0
936	0
0	12
2	1
0	61
7	85
0	107
0	28
16	0
305	4
0	3
0	11
0	5
0	0
0	137
0	6
278	0
181	10
52	17
0	2
11	367
0	149
0	23
0	4
25	10
83	0
35	29
67	3
41	16
7	2
3	33
12	1
0	82
419	98
177	2
62	0
0	118
0	0
102	0
100	0
53	0
109	56
32	0
14	126
0	30
11	81
12	24
6	7
0	128
86	0
144	0
0	89
0	7
52	0
201	1223
0	81
0	15
16	0
0	374
87	0
0	9
0	34
28	0
0	22
3010	149
0	134
13	0
0	2
4	20
2	0
32	0
0	0
0	202
164	0
1	59
0	20
0	4
0	78
53	0
115	0
53	2
0	68
0	17
0	134
0	0
0	6
39	0
0	40
0	14
153	0
122	11
10	24
2	0
3	0
5	23
1	2
33	0
134	5
0	0
45	2
98	6
51	3
16	137
61	6
352	33
37	0
13	0
9	0
21	0
75	9
80	15
0	356
47	0
86	0
0	15
944	98
133	0
28	0
104	48
0	1
3	0
205	4
184	0
1	107
22	0
260	0
2	4
0	2
258	0
89	3
353	0
0	22
124	0
466	12
344	0
0	45
67	0
178	0
0	14
316	0
30	0
2	62
11	0
220	0
53	0
2	98
111	0
16	12
95	0
0	24
792	481
23	6
25	183
0	93
325	61
17	10
33	272
153	2
100	5
341	20
43	107
0	39
20	660
0	2
49	9
0	259
10	8
9	7
48	553
338	74
6	30
0	112
77	495
220	134
42	81
0	73
0	25
248	71
44	280
67	62
0	13
41	109
0	1360
5	50
6	230
1191	67
6	50
4	77
56	72
0	40
0	9
127	26
0	157
0	40
0	86
205	71
134	117
279	256
0	24
165	107
0	331
98	66
0	104
53	48
32	129
3	38
323	116
164	155
3616	1224
0	0
97	176
0	120
18	4
43	261
52	59
7	48
0	8
0	15
349	0
2	5
50	0
175	0
17	0
19	0
68	0
920	20
1	0
30	0
96	30
56	0
0	9
87	54
2	5
32	0
229	6
225	1
97	0
0	154
0	2
0	1
0	5
11	0
56	356
11	0
206	160
350	1838
5	12
0	124
0	1
13	8
38	0
0	3
0	36
112	0
0	35
4	6
334	1228
28	14
104	33
23	1
9	0
121	0
41	1
7	94
27	0
5	1
0	14
31	0
40	0
0	2
16	1
0	15
0	2470
2	0
0	2
3	0
205	20
2	5
202	150
0	145
33	22
139	0
198	3
0	5
372	0
41	0
0	43
39	0
41	2
875	740
16	0
610	0
0	2
1	147
0	12
146	0
0	5
0	12
44	0
88	0
0	124
0	0
0	145
465	7
0	205
0	21
0	86
0	4
0	7
377	101
0	44
0	97
0	23
367	0
0	34
106	163
508	25
20	4
18	102
0	72
4	5
0	0
7	0
0	7
242	26
183	681
0	93
0	1
24	36
141	0
28	3
9	0
0	9
24	57
1	1
112	0
0	3
0	8
88	0
41	128
0	34
1	105
0	0
0	6
1	1
3	2
0	18
34	8
20	17
60	0
49	5
56	78
9	1
3	0
0	31
0	2
69	0
100	12
0	24
0	1
0	0
23	22
0	0
53	1
43	0
0	32
0	0
20	9638
0	62
3	21
129	0
112	4019
0	113
0	44
240	0
71	15
4	12
0	32
0	2
0	5
5	0
122	0
76	0
138	0
256	228
50	86
108	0
0	0
154	1
134	32
37	0
156	0
4	0
28	0
47	0
64	0
0	3
242	0
28	73
0	5
0	0
77	7
0	41
4	107
25	22
125	0
52	0
0	662
289	107
116	155
0	163
0	106
0	7
2	68
39	32
53	147
9	26
7	12
48	94
6	5
615	128
0	38
133	0
82	29
34	26
0	17
0	3
264	0
0	83
0	15
2	0
0	23
0	96
9	0
1	0
19	0
27	0
6	0
0	117
0	179
0	48
9	15
2	0
88	0
542	0
16	0
162	0
22	3
69	0
13	35
176	0
333	18
100	25
4	4
561	2
0	7
165	0
45	0
2	0
75	0
12	0
0	1
7	0
149	36
0	14
3	119
25	0
339	0
0	82
8	0
96	31
104	154
184	52
19	34
0	25
0	63
1410	0
0	75
18	0
0	1
2	1
0	104
2	0
0	2
367	0
6	0
2	1
7	8
6	0
0	162
33	0
5	0
0	36
32	2
0	18
0	124
18	0
2	5
0	92
0	13
0	0
0	37
0	51
22	0
12	0
0	115
0	0
3	0
34	4
0	23
1	26
0	1
68	0
10	8
122	162
27	137
5	5
0	15
3	3
4	10
0	118
2	57
45	0
16	0
1	88
22	21
0	26
116	136
318	179
6765	681
117	208
90	12
0	78
1	3
896	148
0	50
0	59
12	47
28	0
55	170
2	27
23	0
0	8
3	47
1243	12
4	43
63	0
0	7
90	0
77	1
37	0
324	0
46	5
62	0
4	41
0	135
235	0
76	12
12	12
121	0
41	142
0	29
454	0
502	32
0	4
427	17
291	0
0	12
110	0
151	0
565	115
0	0
51	0
247	0
209	0
85	334
63	0
91	7
12	4
0	28
1	0
13	7
0	8
13	0
0	28
6	55
0	0
99	106
0	17
212	0
0	0
0	0
725	0
0	160
3232	0
74	0
199	0
674	0
3	8
0	14
31	0
2	190
10	3
0	56
2	0
0	4
0	46
196	0
677	1
0	18
68	0
0	33
0	18
5	68
318	362
546	0
1218	362
115	0
14	106
0	54
0	46
171	0
149	26
576	0
0	218
0	46
0	18
0	26
4	0
34	8
789	0
71	47
23	0
0	83
0	7
41	21
106	0
0	57
31	11
154	0
35	0
313	1
111	0
0	15
42	19
323	60
54	0
41	1062
713	0
0	354
11842	1062
0	32
172	27
25	0
21	72
7	0
0	80
0	20
2	39
1	2
102	0
1626	175
106	2
416	0
42	5
0	43
997	156
5	0
82	0
0	12
58	175
0	12
329	0
0	345
16	0
10	0
0	0
0	1
226	0
25	0
0	19
130	8
230	3
2	10
399	22
2	13
0	18
3	0
0	31
0	551
0	1918
63	73
19	0
20	0
125	2
0	0
0	3
128	0
0	26
11	1759
0	93
0	108
0	62
68	0
11	0
62	0
135	0
15	46
0	2
10	0
0	23
649	0
0	237
0	23
279	0
146	51
0	123
54	0
86	0
150	30
12	25
77	1
0	3
254	79
0	30
1194	6
0	1
0	527
235	0
20	9
0	7
238	0
16	102
6	0
160	0
12	199
19	37
35	24
0	29
14	11
0	59
0	194
0	21
0	4
698	2
0	26
206	0
0	29
2	5
100	0
232	15
222	0
132	0
17	29
109	29
989	88
101	0
69	0
208	0
0	6
0	0
0	88
215	2
0	22
19	0
106	0
2	1
115	69
78	22
135	17
0	1
31	67
2	63
0	0
29	21
44	4
56	0
27	1
0	4
60	35
3	63
8	44
9	45
194	69
0	7
377	0
0	126
210	7
21	0
47	0
0	0
382	0
598	0
0	78
0	29
0	336
25	0
7	70
58	0
2	0
0	0
0	49
12	0
28	0
112	0
0	5
2	49
18	0
0	587
35	0
51	2
61	0
0	49
0	6
0	135
510	0
59	0
0	22
0	0
155	0
0	57
22	21
13	53
79	0
14	28
0	0
0	9
188	24
0	2
0	31
0	5
0	16
0	11
55	29
0	5
0	45
27	0
0	18
21	0
414	30
12	5
0	59
0	39
0	16
18	0
0	59
0	6
64	6
0	39
59	15
21	1
0	15
0	10
93	11
433	428
274	0
83	156
49	0
0	0
120	1
86	0
0	95
609	338
0	4
281	286
0	277
28	0
0	64
619	1
0	193
0	76
6	0
0	13
0	15
64	0
0	57
138	24
174	7
917	0
314	0
16	0
0	2835
133	68
0	38
0	17
5	31
6	347
5	46
5	37
4	17
0	71
74	0
376	82
114	0
0	0
128	600
126	164
74	0
4	1441
773	107
739	388
91	68
0	406
111	0
175	72
82	39
1	42
8	0
152	38
16	5
0	60
0	0
59	217
1	103
103	0
51	52
16	135
9	48
18	98
153	314
129	52
32	42
0	0
0	61
0	38
61	26
29	19
0	0
10	21
108	0
90	0
2	0
0	41
0	105
444	0
0	36
0	19
0	12
1	11
0	164
70	51
425	518
0	14
63	0
91	2
6	518
7	0
28	0
148	4
0	44
718	0
2	24
19	1
0	31
14	0
0	62
212	59
0	76
0	53
0	53
0	53
0	36
4	1
136	10
25	0
71	0
0	39
0	17
0	13
1	74
285	0
16	106
133	1
146	9
0	1
92	5
45	0
56	62
0	72
16	7
0	5
742	0
173	0
0	6
8	15
9	329
18	0
169	0
0	46
0	22
0	91
223	29
43	36
45	0
170	0
9	29
1	0
143	0
0	293
15	40
12	0
0	31
22	0
0	39
85	0
4	17
52	0
42	0
6	0
171	0
4	16
126	0
0	10
0	206
0	139
0	90
113	0
0	3
0	5
0	17
0	15
43	0
174	62
0	17
14	14
0	18
0	7
287	0
0	24
0	79
0	29
10	7
0	7
3	94
127	4
546	145
0	114
303	0
0	7
283	0
0	54
16	6
37	0
0	4
0	14
66	0
0	36
0	19
519	0
16	0
132	0
5	29
0	188
0	38
115	16
6	0
149	0
46	10
1	2
0	38
0	31
0	2
398	6
16	0
0	52
70	281
116	0
0	12
0	2
191	0
5	16
264	146
135	16
0	11
108	1
20	100
0	3
0	11
2	14
3	91
1597	854
8	44
7	3
0	10
15	0
30	14
75	0
20	0
92	0
2	68
46	81
3038	362
6	21
0	19
19	1
40	42
21	60
191	11
109	10
0	89
77	38
6	78
77	49
13	171
84	638
91	14
4	32
7	21
0	24
0	48
483	422
0	2
0	65
145	0
123	126
349	88
29	34
2	15
0	74
9	3029
31	0
3	23
126	159
1	88
26	58
0	16
0	23
6	60
34	159
0	0
0	0
122	30
85	188
209	175
4	48
7	53
0	45
1	22
3	279
11	13
134	51
0	31
65	40
17	109
249	53
12	17
58	168
0	91
26	0
842	70
0	10
445	169
7	117
0	25
7	293
9	600
1	19
7	45
81	31
0	391
0	21
0	2
75	14
160	0
13	24
47	28
32	48
0	0
103	62
4	569
10	100
211	174
37	121
263	39
207	271
1	45
8	19
135	0
716	101
34	101
0	551
59	11
0	184
23	12
14	137
0	21
26	0
0	378
0	0
16	54
1669	0
213	0
4	1
18	1
0	66
126	0
14	0
0	169
22	0
0	70
21	0
86	0
148	0
86	0
7	23
12	0
40	50
0	92
0	47
1	0
0	111
17	0
100	0
76	0
0	48
19	0
19	0
3	159
27	16
289	0
0	52
0	18
282	0
11	26
0	108
51	0
11	91
0	55
0	123
0	38
0	9
20	5
0	19
0	75
166	5
68	0
274	16
123	14
34	95
0	6
13	31
14	21
0	10
50	1389
475	684
0	4
358	0
0	77
0	6
288	0
0	25
2461	0
135	0
361	5
0	38
0	22
1	168
7	0
80	0
0	69
25	0
0	27
128	0
13	103
210	47
122	2084
157	37
238	22
59	0
69	81
0	24
528	293
201	19
9	82
1	46
0	2
36	0
109	0
84	0
307	10
0	28
2	19
12	46
0	217
539	16
38	22
65	0
0	0
0	22
13	165
0	9
0	11606
0	13
0	0
1	42
35	0
8	0
198	0
214	121
79	0
173	0
204	0
8	40
6	0
142	56
0	0
92	14
0	17
0	3
15	4
1	5
0	48
106	57
0	82
4	6
8	0
23	0
1977	27
7	0
29	26
215	0
563	0
1155	0
0	0
40	0
12	4
0	12
0	3
269	0
644	36
3	24
0	59
4	0
20	60
0	77
0	8
74	0
5	24
107	0
8	0
155	0
1	34
59	45
381	0
53	0
25	87
29	30
77	3
226	187
106	0
10	54
0	29
36	29
31	8
0	329
257	0
43	0
452	192
22	39
35	2
19	0
11	21
32	13
3	78
12	130
61	55
11	42
858	208
2	8
716	18
0	173
239	23
81	152
0	52
370	46
1495	23
1	23
0	0
281	820
0	1257
204	150
0	41
35	95
29	0
0	7
3	10
37	51
73	33
27	2
0	83
203	0
42	0
9	108
21	4
0	17
74	90
3	284
17	0
34	135
119	0
55	0
855	0
22	50
237	87
186	245
167	397
305	0
423	0
112	0
8	52
0	7
177	77
276	177
0	36
50	0
370	2
4	156
0	6
26	82
104	36
25	479
855	3
7	5
0	79
213	0
4	15
2	185
0	1
0	29
0	0
0	77
237	130
0	81
0	59
538	2184
5	60
113	64
50	44
66	0
114	0
0	9
155	449
1	13
0	543
12	1312
0	17
89	7
74	44
0	22
11	58
0	87
43	348
0	144
68	1
105	42
0	41
16	0
0	376
0	355
0	185
0	2097
331	71
10	30
41	9
15	154
328	369
0	28
62	36
0	0
0	4
62	0
159	0
0	43
0	4
28	0
11	0
0	1
34	76
0	5
60	0
8	0
0	1
21	0
8	0
78	0
0	34
0	5
0	1
0	1
0	60
32	5
0	194
83	0
0	1
53	37
184	17
1182	0
0	52
135	0
104	106
2	21
19	0
122	0
0	17
135	0
0	18
0	51
0	84
1	14
0	10
0	10
0	2
0	66
21	0
0	37
87	14
12	4
908	0
149	7
131	48
5	0
0	133
4	399
54	19
1130	0
0	42
0	25
0	35
15	2
0	0
682	0
280	0
0	0
294	37
10	5
12	11
1	61
127	0
0	14
401	0
0	8
0	2
0	51
0	8
33	22
257	0
0	35
50	0
128	4
5	24
151	4
5	18
812	10
19	7
142	4
13	0
142	0
18	3
84	0
0	1
23	0
0	17
0	18
3484	349
13	16
52	7
0	1
43	0
33	1
148	2
11	61
149	0
34	0
365	0
0	86
1	62
8	0
249	0
228	0
0	22
43	0
0	0
0	63
0	94
2	24
5	19
24	1
67	0
177	0
0	8
133	80
151	0
0	95
0	158
0	80
0	104
17	0
0	92
0	36
141	26
21	2
205	0
2	80
0	9
0	0
139	0
248	0
9	792
9	0
3	9
208	11
130	0
0	3
0	23
0	47
201	0
23	0
0	2
3	15
34	6
0	4
264	0
2550	3353
68	0
0	16
31	50
65	39
0	16
0	8
0	253
42	0
55	0
13	41
43	32
0	2
187	0
0	72
0	37
300	0
1	3
650	0
23	7
174	0
27	32
0	11
87	15
0	35
1066	0
15	14
105	0
124	0
1	17
65	0
16	164
14	4
37	66
58	0
206	0
5	144
464	0
0	320
2	0
709	22
104	58
13	24
0	8
82	11
17	6
1	106
2	28
0	73
73	0
36	175
2	42
0	10
196	0
147	0
243	19
0	11
162	0
111	0
0	221
10	58
3	6
45	53
388	55
55	12
0	4
201	86
98	17
0	48
0	6
156	0
637	85
66	0
1	29
25	7
0	2
36	0
130	0
1	28
82	0
62	0
263	0
0	40
0	352
474	0
0	37
65	723
1	19
0	50
104	0
0	10
28	41
0	73
0	29
4	0
134	0
0	46
740	0
10	0
16	28
224	0
24	0
32	0
11	0
153	0
7	14
100	0
52	0
51	0
0	30
4	510
4	31
1479	0
558	0
271	0
0	55
0	70
39	0
0	22
186	0
53	0
0	91
586	0
0	103
80	86
49	0
85	0
0	1407
0	43
1	29
24	77
0	148
0	0
0	27
455	0
0	24
0	100
81	2
0	65
387	0
0	88
62	3
0	49
179	0
66	0
99	94
7	3
0	40
0	5
0	44
0	69
0	42
139	65
126	0
10	0
124	0
111	0
0	26
79	0
76	55
0	33
158	0
0	75
79	4
0	0
9	66
0	0
0	101
156	0
305	0
67	0
3	545
0	7
204	0
0	28
0	7
0	196
0	3
25	0
99	0
81	71
0	42
53	0
0	43
0	182
31	0
0	8
12	51
6	12
37	0
147	0
451	0
59	0
179	0
432	65
0	35
252	0
0	27
87	3
0	1
37	35
12	0
16	0
81	41
87	34
4	3
0	65
353	552
0	47
406	753
101	0
13	3
52	299
172	60
448	0
487	0
0	18
1	14
9	35
329	0
24	21
171	0
0	4
0	11
0	0
8	0
49	0
87	4
149	14
176	0
0	66
51	4
102	0
0	47
0	1
28	0
3	1
3	68
0	9
53	66
0	14
28	2
96	0
0	188
38	9
0	109
0	154
0	5
124	0
118	0
89	0
0	208
0	85
57	0
28	0
6	4
0	40
0	3
113	0
69	0
24	0
62	0
111	0
39	0
114	0
783	0
658	0
60	38
65	0
191	0
180	2
0	48
0	0
13	0
195	0
0	31
16	76
8	12
0	0
598	0
11	0
112	3
0	52
6	0
0	85
6	3
0	19
6	89
1	9
0	4
46	0
157	21
29	0
82	48
426	0
101	0
0	2
0	33
8	5
0	1
24	88
2	116
0	30
0	22
28	11
2	81
0	81
152	19
0	21
0	72
40	148
0	31
0	22
0	519
0	42
114	376
0	182
92	46
203	12
0	27
0	10
1	0
0	0
1	26
0	76
42	17
0	2
0	1
56	26
0	1
0	2
0	4
0	9
100	3626
125	61
0	1
342	0
49	0
137	0
43	103
110	1441
44	0
7	15
0	51
1	170
0	111
0	0
218	0
870	0
0	86
100	346
640	0
0	96
53	85
12	58
22	306
120	2
12	0
256	21
0	29
0	16
56	165
12	79
0	2
0	7
0	5461
43	0
29	0
0	20
0	1
0	96
8	0
0	10
0	2
0	38
0	17
0	205
0	29
0	2
61	1
8	2
0	28
0	33
12	4
110	4
75	0
217	0
0	15
237	11
0	52
86	0
74	6
0	4
4	33
102	0
53	0
0	159
228	0
17	0
204	47
0	32
0	1
814	0
46	48
103	6
0	5
115	95
4	26
59	0
137	0
0	38
9	1
1	37
2	16
0	2916
1	49
0	26
141	551
93	0
0	10
108	0
134	17
0	4
11	0
0	11
0	64
0	40
0	83
49	0
0	4
0	80
0	176
3	0
0	4
21	120
43	0
1	3
259	0
206	59
109	0
0	1
1	0
140	58
64	83
0	30
0	112
43	25
365	0
0	19
0	95
0	61
0	63
0	19
0	28
60	0
16	0
386	2
2	5
5	209
0	1
1	38
0	19
0	31
89	4
8	0
5	24
869	0
99	0
13	0
7	0
0	3
148	2
0	6
194	0
50	0
23	3
2	0
2	6
0	0
0	0
978	0
3	10
166	0
13	28
344	183
0	37
0	222
5	20
148	0
17	0
179	0
71	0
0	39
21	22
1275	590
6	32
399	330
0	37
0	337
0	16
250	0
28	73
44	2
297	0
6	0
82	220
26	34
0	0
371	24
42	38
8	89
29	29
507	67
0	109
0	219
12	62
73	0
1	75
277	112
94	182
32	0
0	59
362	165
2	5
153	57
428	495
723	20
0	113
0	7
0	52
2	44
0	793
4	11
129	87
3	0
51	55
169	105
2	29
0	149
20	4
141	51
404	0
96	0
0	172
9	26
21	29
3	7
0	34
0	28
0	21
130	171
0	9
13	34
0	28
224	81
0	46
79	0
373	780
0	55
32	16
0	77
23	11
8	0
67	5
7	1
314	0
8	6
124	28
41	0
73	0
17	10
0	183
245	0
0	14
0	42
0	17
37	128
0	0
58	0
0	6
163	360
1	0
0	80
136	0
18	13
48	0
10	68
0	2
72	67
23	178
0	1
0	0
0	4
0	84
29	0
0	2
297	0
106	4
27	0
11	0
67	0
0	12
15	0
44	0
16	28
0	81
42	6
0	21
0	115
213	40
19	28
0	0
13	0
0	78
0	6
51	0
0	34
40	0
6	0
0	1
19	0
0	351
57	57
6	305
86	7
5	14
26	0
4	6
489	47
3	188
63	103
167	164
11	331
0	40
60	145
0	5
69	332
14	13
0	55
21	457
0	33
1003	117
161	96
8	17
0	233
0	0
0	32
39	21
48	228
0	34
49	55
1270	3075
267	0
0	1
0	58
0	10
14	31
0	113
1	13
31	3
19	0
0	10
0	34
6	0
37	31
0	28
0	6
249	14
24	0
152	0
0	134
171	80
19	161
0	68
30	0
64	4
3	0
7	0
0	1449
57	0
0	2
30	28
574	0
37	0
1778	1
9	18
0	117
0	0
52	0
35	0
76	0
13	0
1	7
93	104
68	8
748	4
0	38
34	1
140	0
355	0
1431	47
9	13
73	95
163	0
13	0
0	2
6	19
0	243
15	14
156	0
0	3
0	28
4	0
62	0
1	5
11	32
0	59
73	0
0	17
9	0
0	21
0	0
159	0
0	87
54	0
0	10
6	15
18	75
0	108
26	160
7	1
7	49
2	7
81	0
44	0
0	219
99	7
3	0
0	3
2	44
0	125
30	2
0	28
0	335
0	96
0	32
90	0
58	0
18	0
39	2
0	104
51	274
0	17
82	13
0	4
149	0
0	11
101	67
29	0
0	4
49	159
0	36
2479	135
97	0
18	125
17	235
0	17
0	32
3	17
76	0
38	25
20	1
0	20
26	3
88	31
0	8
7	14
44	0
45	0
12	39
0	0
0	21
10	36
7	42
0	6
0	0
0	6
181	2
8	57
0	22
25	8
0	49
34	61
18	0
26	0
0	7
447	0
12	40
0	356
1	41
0	235
0	90
288	0
8	110
40	9
1018	454
6	0
101	7
18	0
29	33
0	15
1	27
0	621
0	33
264	27
10	26
0	84
0	9
72	10
114	13
0	178
0	64
0	27
0	137
83	0
420	0
86	0
0	12
0	53
46	9
0	34
2	18
18	0
0	160
0	2
444	0
31	3
0	57
22	0
0	14
371	1
70	0
0	473
22	11
0	25
0	166
46	0
34	0
24	0
0	32
19	6
3	0
304	30
8	32
0	25
379	0
69	0
14	15
243	0
104	10
36	397
1	79
132	0
284	0
0	150
260	0
8	3
39	188
27	242
737	248
80	241
73	29
75	61
2	88
193	61
35	7
232	25
0	182
18	3
55	278
15	35
34	40
237	425
8	18
0	26
22	9
34	0
1	48
0	3
0	6
106	0
70	11
19	211
136	0
237	50
0	1
0	5
20	44
0	151
0	75
0	2
0	9
0	30
16	22
335	0
0	35
2	32
177	42
3	22
0	0
6	8
12	5
0	1
47	0
34	22
14	201
3	0
14	0
11	2
997	621
0	0
6	6
0	122
21	3034
63	0
19	602
0	59
678	0
0	112
0	211
3	0
181	5489
88	6
84	0
0	119
44	1
71	58
10	1
0	30
0	70
13	2
0	48
3	0
1418	2
0	6
282	90
0	0
18	3
0	0
0	21
0	147
0	268
6	0
76	0
0	253
0	4
2101	767
288	1
0	0
43	20
268	0
0	43
91	0
3	0
114	0
21	61
41	0
0	3
127	0
281	0
68	0
0	1
0	46
722	0
433	5
6	35
257	0
376	0
124	0
66	0
0	19
0	40
0	40
0	34
19	0
168	0
0	62
181	0
437	0
110	0
39	0
0	4
104	0
0	320
27	0
765	300
206	0
170	0
230	0
103	0
0	74
43	0
19	2
474	0
86	0
85	30
113	0
2298	20
59	0
0	122
2	8
0	2
0	21
14	79
0	0
0	9
0	23
0	74
31	1
65	37
15	158
8	0
24	84
0	45
0	205
102	10
12	293
163	133
257	65
0	26
0	134
88	0
0	496
22	29
166	189
0	14
8	151
0	46
0	1047
184	33
0	247
0	32
8	90
0	2
11	328
354	240
20	135
4	99
1	30
0	164
153	100
88	85
16	12
1622	397
398	58
0	219
26	0
0	2
2	30
7	1
0	65
24	0
0	415
0	0
489	240
31	381
0	10
19	7
103	18
0	0
0	147
0	46
0	345
0	22
0	11
0	1
82	532
21	0
193	0
0	10074
22	32
2459	720
0	63
0	2
195	0
0	86
123	157
5	3
0	36
3	0
1	19
0	10
0	93
108	0
71	0
158	0
0	34
0	2488
0	9
12	0
98	17
70	27
11	2
0	53
261	8
4	14
17	0
0	8
387	0
0	59
82	0
105	0
22	4
261	0
0	7
13	0
3	3
68	12
0	98
0	81
16	6
26	0
0	9
36	250
92	0
0	56
0	60
78	0
0	4
130	0
377	7
0	20
0	171
402	0
67	0
105	0
14	0
204	2
131	0
7	58
30	0
7	15
0	206
0	2
175	0
39	14
42	115
43	48
71	1
195	0
0	7
264	0
0	1308
6	41
763	45
0	5
2	2
245	454
0	2608
4	0
0	58
66	0
55	0
0	47
0	182
0	15
54	36
0	40
0	15
3	14
0	6
0	9
30	42
23	0
0	203
24	0
253	0
0	97
0	57
0	18
0	17
17	0
13	122
69	0
62	95
0	10
0	1
7	0
19	39
11	12
0	82
55	0
13	36
5	27
150	326
528	47
68	518
19	15
66	43
47	20
262	0
15	32
0	130
48	0
10	8
0	32
136	132
0	54
303	10
51	430
0	112
84	145
12	12
46	126
0	19
1535	649
0	36
156	280
177	90
0	30
0	131
27	136
328	17
0	98
30	80
3	12
0	23
211	504
507	68
0	143
68	563
694	140
29	4
88	30
1581	122
1	1
113	1
372	8
4	42
20	110
167	268
32	0
0	0
99	0
30	31
3882	487
72	639
63	15
0	18
183	235
3	0
17	0
97	0
2	2
0	4
0	8
82	6
27	19
99	0
0	43
0	6
131	0
0	31
0	14
108	0
0	57
0	18
1	59
2	4
41	6
0	31
112	0
23	77
0	9
20	403
0	35
1	0
1	27
8	0
317	4
0	10
0	17
47	162
0	0
0	176
20	0
0	23
0	43
0	63
0	164
1	0
140	15
0	36
1	2
55	0
0	197
2	241
0	126
0	38
92	0
39	0
0	415
4	9
26	257
59	0
473	0
13	1
0	0
347	0
146	17
0	15
4	20
54	0
52	9
559	0
0	21
183	0
144	1
24	180
0	3807
0	11
0	229
0	8
0	0
21	8
340	68
330	30
235	1042
1476	0
1	12
0	8
59	0
0	51
33	0
0	66
0	12
0	147
1	7
0	1
0	136
0	293
4	0
12	0
73	0
135	99
28	1
0	1
0	38
0	7
136	0
1	9
107	0
0	186
4	0
15	0
95	3
11	34
0	31
11	0
102	35
38	1
22	0
0	13
0	56
0	18
0	7
12	0
0	0
162	0
0	34
5	0
13	5
0	20
90	10
0	7
1	3
3	0
6	19
1	5
49	0
0	3
98	0
11	0
85	151
0	64
48	150
0	0
0	66
1	0
0	32
0	3
1877	135
5	99
115	74
0	10
0	149
59	2
65	275
430	0
309	0
388	0
114	0
0	18
9	0
38	7
0	6
8	17
605	0
12	27
0	15
63	0
122	0
208	12
318	0
5	151
0	11
50	0
16	0
69	11
0	46
8	0
53	0
169	0
173	57
166	0
0	6
0	13
638	65
16	0
0	12
0	288
0	102
139	0
0	83
0	1
17	45
0	8
0	8
0	3
11	26
0	13
20	0
1343	0
0	4
7	0
7	12
0	17
86	17
32	19
65	57
211	56
48	13
191	60
2	1
61	75
4	0
69	133
23	37
93	107
61	105
87	76
0	8
5820	186
26	64
621	157
181	20
8	50
68	0
44	13
99	0
34	0
0	31
47	57
408	0
1113	10
15	0
40	0
76	0
0	446
25	26
58	0
147	0
0	57
3	12
0	34
0	30
91	0
0	0
36	1
321	0
0	1
0	6
0	18
83	0
18	0
0	5
0	583
48	9
62	0
3	0
0	107
224	0
58	0
3	3
189	1
253	0
221	0
0	44
35	0
0	0
7	0
13	0
2	0
368	19
824	12
46	79
19	0
0	27
0	0
0	12
11	55
0	0
52	0
3	1
175	0
0	19
13	12
1	1
1	5
94	0
4	0
0	40
15	5
3	1
4	36
0	12
7	5
91	0
0	74
0	0
0	42
172	17
0	39
181	910
9	629
25	62
57	87
1	18
0	36
0	0
7	3
108	0
3	13
661	0
9	28
1	36
1	33
456	0
56	150
186	0
0	43
0	2724
5	61
591	0
220	0
2	0
0	16
8	0
1	0
2	13
2	71
1	1938
352	31
0	124
5	0
0	58
0	8
7	22
0	0
0	11
0	0
27	45
364	0
0	8
0	41
0	23
0	13
18	56
73	152
131	37
0	78
0	22
13	0
0	16
0	13
0	4
12	14
11	11
196	20
0	2
31	0
0	126
62	0
13	3
7	23
150	37
20	6
48	0
71	0
37	0
37	3
3	16
34	0
52	29
0	20
160	0
0	44
14	123
11	545
34	23
0	32
9	27
0	21
9	34
0	236
0	231
252	276
0	32
38	71
12	32
355	1
57	246
2	1
0	9
0	30
134	0
123	16
0	4
368	0
0	4
115	247
388	29
0	9
51	0
59	8
167	0
248	20
45	6
88	3
4	10
0	71
3	43
142	0
2215	276
112	0
0	774
12	0
15	0
47	61
83	14
300	0
0	1137
9	0
0	11
312	4
0	21
45	114
80	0
27	0
0	26
34	0
19	0
0	48
0	21
0	19
0	52
110	133
0	27
0	110
0	9
327	80
14	0
181	0
0	5
0	45
0	62
0	3
149	29
0	8
12	61
4	37
94	0
22	0
0	84
0	27
0	95
9	43
40	0
25	3
10	55
66	30
73	41
6	17
50	294
0	3
27	0
136	0
10	6
0	13
0	84
0	1
0	39
0	190
33	250
17	56
5	112
80	81
11	19
31	13
0	0
447	354
14	170
80	71
6	8
1	0
0	75
83	1
33	143
7	30
48	115
0	192
0	78
0	81
106	0
266	24
5	252
0	206
15	26
0	48
0	173
135	52
2	9
43	202
0	3381
51	0
40	339
0	25
117	50
19	124
15	22
27	43
1	30
35	0
0	6
576	221
0	3
38	0
99	0
0	31
0	31
73	79
93	485
77	30
183	691
203	108
57	50
16	257
4	22
0	70
122	5
7	6
0	0
90	229
40	32
49	295
167	0
58	22
292	279
402	0
9	143
33	10
44	152
1	26
412	0
17	0
0	5
0	6
0	246
9	179
163	127
245	165
0	66
10	6
0	23
9	220
1	324
110	139
93	114
0	41
1016	0
141	0
0	0
84	0
703	1
3	59
0	76
8	41
88	48
7	311
7	1
5	520
0	25
100	39
70	12
23	48
26	6
219	632
1	37
20	151
65	73
0	185
0	139
0	4
0	3
10	0
189	69
353	2
60	0
0	64
44	0
1	7155
8	136
82	62
75	169
95	46
372	113
31	0
689	202
60	80
49	0
2	0
6	5
1	5
0	3
0	0
2	52
60	42
15	23
19	10
82	5
0	3
0	8
35	0
0	26
138	10
0	8
0	259
46	9
6	82
49	0
21	878
0	7
7	31
0	219
0	54
11	0
0	146
0	3
123	16
283	0
7	26
0	1
0	12
0	22
286	0
28	136
7	117
19	0
0	2
32	10
307	373
33	9
29	0
18	39
6	0
25	28
11	16
0	0
439	0
0	20
61	0
0	96
13	7
0	15
3	15
0	100
0	40
0	55
11	0
4	76
0	13
0	8
179	292
61	55
182	0
13	105
951	0
0	4
0	23
77	0
0	52
0	25
69	0
24	132
303	84
1	0
134	0
0	115
75	20
6	60
0	29
90	0
28	0
53	0
17	1
15	0
12	2
0	193
1521	1
95	169
94	0
107	0
28	11
50	4
0	240
0	22
0	45
175	0
0	6
17	28
83	0
37	12
124	246
0	37
257	0
265	155
107	121
92	0
5	13
2	7
1534	17
0	9
35	0
0	0
0	43
23	0
647	0
2	130
0	53
0	10
74	0
0	45
302	89
66	187
108	0
161	0
0	59
359	0
26	0
13	3841
34	0
219	0
31	0
0	22
0	17
7	7
1	6
40	0
0	38
0	118
0	23
116	0
22	0
180	0
214	0
93	0
373	114
0	71
89	9
396	0
9	0
0	30
2	0
5	2
659	0
179	0
0	1
191	0
66	0
8	0
303	16
0	34
235	11
0	11
0	105
53	10
2	0
45	0
597	0
3	13
174	0
4	1
18	12
0	5
75	0
520	14
21	59
146	0
254	0
0	49
16	0
192	230
14	294
0	30
1901	9
0	65
64	0
0	5
2	9
34	0
96	32
0	19
1	6
158	6
0	23
28	17
0	22
2	25
5	41
215	0
0	9
0	53
0	119
0	83
138	74
133	1000
95	370
0	111
62	135
115	71
0	29
63	134
0	35
6	173
497	7
461	14
0	15
16	27
298	0
835	7
81	21
0	31
1	95
0	17
5	15
60	57
116	46
10	43
54	0
0	55
57	0
0	19
242	124
0	8
102	0
4	107
31	0
16	0
679	250
97	5
4	34
21	0
0	53
1686	287
55	162
0	18
72	2
1	0
0	32
10343	3876
16	12
0	13
88	79
31	3
12	8
0	13
7	41
234	107
20	29
4	0
0	229
0	0
80	0
38	0
46	12
136	32
0	7
114	0
9	22
0	61
7	103
0	51
100	96
1121	0
46	0
0	96
0	2
9	3
0	4
1196	6
9	132
2	0
1032	212
4	30
424	0
0	75
0	22
1	26
4	53
89	236
90	0
0	13
338	59
55	42
21	257
54	70
77	0
0	143
0	0
0	6
52	0
2	252
155	0
489	0
0	2
0	7
0	35
22	11
0	4
0	13
99	0
0	4
60	0
473	0
0	74
0	28
0	4
0	14
0	201
0	9
0	44
75	4
73	0
0	62
0	24
4	0
11	61
0	50
0	14
0	462
152	0
0	10
0	150
0	3
279	0
14	0
1	123
12	0
0	19
10	0
0	94
160	177
0	9
3	0
0	281
0	8
21	0
47	8
0	26
0	2
0	12
75	174
0	197
3	129
0	24
0	22
0	95
2	0
0	63
143	0
0	166
576	0
328	0
0	14
7	27
0	40
0	47
0	230
0	0
0	119
34	0
0	15
2	0
76	26
27	11
0	33
417	356
3	24
186	0
0	10
622	34
1199	3
0	178
1	3
21	0
17	38
0	2
0	86
35	13
260	0
17	0
0	6
0	1
0	21
0	31
1	13
7	12
5	4
0	24
236	3
207	0
137	0
0	0
0	2
241	0
22	0
108	0
0	247
0	99
5	0
221	0
29	0
0	22
190	29
12	0
6	16
43	0
223	0
0	82
0	16
0	44
0	31
7	0
0	58
0	2608
151	45
155	43
6	0
71	37
11	4
0	56
0	35
20	7
0	65
24	1537
0	3
209	207
99	202
4	0
0	80
0	24
5	1060
23	75
0	12
9	0
22	18
0	0
0	50
0	58
21	40
2376	1537
158	0
0	202
88	0
0	10
0	9
0	113
297	0
0	7
0	0
118	0
11	12
5	18
117	0
26	204
16	163
2	27
86	0
0	0
62	3
0	0
0	4
35	40
215	0
0	332
60	0
1	10
0	11
687	5371
196	0
0	6
0	42
106	47
0	39
162	0
415	0
14	3
0	30
109	314
16	16
9	12
6	1
0	76
15	10
168	0
0	71
5	0
55	0
0	2
3	32
17	25
0	106
15	9
19	190
22	0
122	0
0	67
0	145
0	10
0	7
108	137
28	73
0	7
0	10
0	38
0	87
0	11
74	0
0	0
160	220
0	63
59	20
28	76
103	0
0	4
423	0
100	0
0	12
0	45
78	0
0	230
156	16
0	3
0	2
158	0
7	8
35	0
0	106
302	0
2	7
2427	1081
1557	0
12	165
0	10
18	3
0	0
6	200
375	0
5	538
833	1060
7	95
35	16
7	45
2	30
0	123
23	4
360	252
15	7
68	0
2	28
3	57
4	15
0	35
0	477
0	100
359	44
7	76
0	11
58	78
37	3
88	21
104	0
28	432
386	58
81	0
15	0
31	2
8	0
74	11
40	0
68	0
0	12
0	26
0	10
0	5
311	214
0	69
0	18
0	2
0	246
160	4
0	1
6	4
0	44
0	488
0	41
11	9
6	0
0	23
65	49
0	26
0	161
198	2
0	16
0	65
0	10
5	4
396	0
347	0
0	71
164	78
0	7
399	0
1	0
0	16
0	46
118	310
0	155
0	46
1	0
97	0
0	21
21	0
0	20
0	0
609	0
0	4
8	0
0	255
0	54
28	7
238	35
407	0
70	0
38	0
0	255
0	5
91	13
42	29
0	107
0	93
65	0
23	0
207	0
338	0
85	0
0	200
0	6
1002	3
18	26
75	14
478	5
0	56
0	6
10	0
7	24
439	0
290	0
89	0
0	25
118	36
203	0
131	19
65	3
126	0
47	17
0	32
12	3
0	6
0	0
744	0
7	3
18	0
89	0
7	8
7	0
0	31
111	0
2	2
5	0
59	4
629	0
0	48
0	58
40	0
0	155
226	0
0	53
165	0
3	202
10	0
0	6
58	0
0	10284
0	62
7	29
206	0
2	0
176	0
223	0
0	120
0	259
0	47
3019	13101
4	0
3	0
76	0
87	350
1	7
0	166
15	0
126	0
34	43
8	116
1231	0
0	50
174	0
1445	17
180	94
22	70
1679	0
30	2
51	225
380	0
0	72
163	45
664	314
0	91
333	0
20	0
0	17
59	0
1	89
2	0
0	21
1965	275
53	0
439	39
0	373
52	0
684	495
0	6
0	3
329	10
3	3
4	0
103	0
402	0
46	88
5	4
21	0
67	0
0	3
5	52
0	10
4	50
0	0
4	31
67	34
189	4
49	0
0	12
2	0
0	33
124	0
19	5
12	20
45	5
23	22
25	77
76	27
18	0
0	63
11	2
141	237
140	0
16	0
2	0
105	0
0	31
183	0
0	29
46	7
6	5
0	54
0	23
9	0
68	0
0	0
0	64
1803	316
11	0
1	3
0	16
0	168
60	313
0	117
2337	410
0	13
0	10
0	10
153	100
554	0
103	15
103	0
5	112
118	0
89	247
0	6
42	0
174	6
163	20
0	46
5	0
0	27
0	23
0	8
338	2
0	141
8	32
0	5
1	0
0	186
0	61
0	52
0	63
0	191
0	10
0	5
27	28
46	219
0	2
16	38
100	65
155	245
67	0
4	0
43	0
0	6
0	25
72	0
193	0
0	30
0	71
26	447
192	14
0	24
224	1
1831	265
28	26
0	91
66	205
304	413
20	38
191	0
54	0
27	0
152	0
363	78
11	0
0	42
21	19
65	102
1549	0
0	20
162	106
42	1
842	47
4	12
0	120
0	21
0	242
55	0
0	40
0	300
27	12
0	7
118	0
46	1
25	24
59	0
0	200
20	7
0	535
806	0
30	0
0	300
0	10
0	8
157	0
5	6
238	0
53	40
0	1
0	2
21	0
0	367
368	25
0	122
0	44
0	19
0	2
13	0
375	6
498	0
46	26
814	0
403	80
20	0
3	0
432	392
3	29
0	72
0	110
0	26
0	0
0	42
607	0
58	447
285	168
21	0
19	9
192	0
6	0
28	6
241	17
0	117
54	0
83	2
20	0
0	122
0	112
8	31
740	0
0	7
206	0
0	20
12	42
1	13
12	0
47	178
0	21
0	11
179	0
9	55
7	13
0	194
0	27
33	65
153	0
0	6
188	0
130	0
0	45
0	0
2	27
8	0
0	22
0	4
0	1235
194	60
77	13
0	3
106	14
1	8
0	6778
0	71
0	57
0	57
10	13
0	162
34	59
0	15
0	28
29	119
4	125
0	68
0	24
0	13
76	145
1	11
0	22
11	4
60	0
26	0
6	0
46	0
0	139
55	24
0	6
0	32
11	0
5	0
0	16
124	6
2	0
0	207
0	44
8	98
21	6
0	19
0	20
13	32
0	16
7	0
14	9
3	5
0	249
0	37
6	16
107	12
131	0
0	55
107	0
0	86
0	81
32	0
96	0
23	19
0	27
0	17
0	18
36	31
0	6
6	13
0	1
44	0
118	0
72	120
239	0
0	19
0	139
0	1
9	32
82	103
42	39
15	0
11	994
0	93
409	28
0	16
0	13
94	98
0	203
67	53
36	86
0	16
87	0
29	25
0	3
0	254
0	5
0	25
42	35
51	37
0	180
155	140
2	11
2	28
0	56
266	1183
141	80
150	265
14	28
0	294
196	42
68	26
4	88
0	196
588	63
1263	168
287	62
265	265
271	70
92	57
8	1
0	2495
21	97
30	0
0	239
100	0
8	1
31	5
29	6
37	48
0	130
0	74
0	23
408	0
0	12
177	6
0	7
0	33
373	0
13	0
0	18
0	7
191	151
30	20
51	1
0	32
0	6
12	19
39	68
0	7
47	3
43	29
0	2
8	0
0	10
0	34
8	60
0	13
44	152
177	219
49	27
13	5
60	49
30	36
0	0
1	10
0	1
0	0
87	28
11	42
0	14
8	65
46	500
133	130
0	35
7	0
0	1142
2	42
8	26
0	8
0	2
0	29
171	0
65	0
0	7
0	16
980	0
0	4
0	26
0	18
0	20
7	3
111	20
1018	44
0	54
0	19
5	45
0	7
48	0
25	40
0	319
0	5
3	73
0	39
42	0
0	153
17	1
82	0
12	319
0	10
10	169
24	0
70	40
9	29
129	1
35	7
138	0
0	10
6	52
18	11
0	24
60	0
0	7
339	393
59	19
0	37
88	147
236	0
0	33
473	0
0	47
31	2
0	25
0	165
0	39
359	0
15	0
27	0
0	0
0	3
92	0
0	74
32	0
29	0
0	65
128	107
0	8
0	10
0	0
0	300
67	0
24	17
124	2
0	6
183	5
0	2657
0	37
0	11
0	8
90	0
83	0
6	6
0	43
21	28
46	0
176	0
0	44
0	12
0	25
5	0
43	0
2	35
1	6
6	39
6	56
6	6
265	0
0	6
0	86
7	0
16	226
0	0
342	46
0	34
59	6
50	145
0	45
19	10
0	2
0	442
220	58
148	0
0	287
10	196
23	31
21	119
6	211
2	135
3963	756
395	545
36	19
100	268
0	25
272	18
6440	51
49	148
274	377
53	3
2	205
28	168
23	19
100	2
18	313
0	17
9	7
52	123
109	123
0	80
161	498
0	452
4	39
71	7
2	21
90	0
0	41
0	65
151	14
2	6
86	0
76	24
0	170
58	0
65	0
9	0
70	0
1	46
0	22
363	0
0	0
3	0
0	41
0	7
0	2022
109	7336
361	0
136	0
0	13
238	0
204	7
107	2
0	1
0	22
2	0
0	3
57	93
7	12
0	64
140	0
298	0
0	36
0	27
26	0
141	0
1	0
0	21
0	10
24	36
19	0
14	0
0	7
237	11
17	46
47	15
53	40
73	0
0	147
442	0
494	65
10	41
51	0
0	27
0	35
46	216
1	236
0	12
0	25
228	0
470	170
71	39
18	0
25	0
0	377
142	0
113	0
0	77
217	0
53	113
0	64
12	113
6	396
79	13
0	7
74	0
0	5
0	5
0	5
0	82
20	6
0	19
128	23
0	0
30	6
233	12
1134	345
199	88
65	21
0	4
1	2
811	0
37	0
8	0
8	0
4	4
0	1
231	0
2	1
24	27
0	77
1	12
6	0
0	113
487	41
0	78
28	0
1	3
0	10
266	2152
0	32
20	13
0	3
0	175
0	24
0	108
53	6
52	0
114	0
82	8
141	3
65	23
290	0
14	0
0	29
46	14
71	0
113	0
17	0
0	22
133	0
0	14
0	673
222	0
26	45
13	127
47	0
0	27
32	3
100	22
228	0
852	0
0	23
0	40
0	17
90	0
22	0
4	47
0	8
0	128
4	7
2	0
82	0
89	0
0	0
4	0
89	1
9	5
0	36
21	3
0	835
0	5
5	2
395	93
0	10
58	0
0	332
0	57
99	0
148	20
13	50
112	0
0	93
0	26
0	47
0	65
16	7
153	0
0	49
2	845
3	7
43	0
40	1
0	14
0	5
0	49
17	6
0	30
80	109
5	0
279	0
0	17
6	46
46	0
8	1
2	13
0	3
63	0
2	31
0	94
0	96
0	30
17	0
0	52
0	7
0	0
0	0
22	0
0	35
0	80
4	0
2	61
0	43
0	5
784	0
0	21
0	400
5	28
82	11
0	2
0	4
0	5
1	87
65	0
0	12
0	10
0	7
0	56
0	446
0	0
25	36
0	3
101	11
0	68
0	1
79	0
0	45
0	22
113	0
146	0
150	0
34	0
1	50
0	27
2	11
0	3
0	11
39	11
0	66
0	59
0	1
8	0
8	35
34	6
44	0
0	357
201	0
4	4
0	344
242	30
23	4
0	41
0	6
0	85
0	30
10	0
87	34
0	27
15	6
58	0
0	32
0	8
322	20
9	13
0	239
7	14
0	45
56	0
77	0
16	0
1	10
41	0
15	10
0	11
30	0
100	0
3667	845
11	103
0	57
17	23
0	4
0	1
0	27
0	32
37	44
312	0
22	17
19	38
26	0
0	36
0	66
17	6
46	0
0	318
5	0
0	222
0	8
41	0
328	55
0	24
0	40
667	0
0	25
33	87
30	218
21	0
588	0
0	55
0	185
1	0
15	0
9	39
0	3
36	0
20	6
110	0
0	31
0	28
0	9
0	35
0	3
4	0
0	241
1	48
0	91
0	161
1	44
0	10
99	38
2	11
1	93
1	0
19	17
0	43
10	0
74	0
32	0
89	11
0	4
6	4
43	0
45	131
0	0
71	45
0	112
8	273
18	0
13	48
586	58
1	32
0	19
66	53
105	361
180	246
0	87
0	31
0	3
0	12
32	0
0	115
52	0
26	267
56	80
7	42
49	492
0	81
7	45
0	91
28	111
0	108
105	128
168	17
19	0
0	4
12	59
1	239
705	1
0	122
7	65
68	16
95	203
72	74
12	241
326	139
8	0
21	69
1140	37
184	27
0	28
45	0
7	130
57	0
0	9
18	141
0	85
916	443
6	24
5	65
182	70
1090	909
0	4
0	166
28	400
0	5
0	22
1	43
180	0
1290	212
5	32
53	5
0	3
0	33
0	559
5	305
53	35
0	51
0	5
809	0
282	0
517	0
11	9
0	107
0	32
3	26
3	7
0	139
0	1
0	60
0	96
89	0
0	107
0	93
0	30
144	89
277	113
0	44
0	1
56	0
0	64
0	32
0	0
0	32
0	0
0	11
0	36
126	0
7	194
0	112
0	36
1179	0
102	1
63	0
3	35
131	6
24	9
0	7
131	34
70	0
63	43
51	4
26	0
8	0
23	0
85	0
0	4
197	0
0	22
0	80
0	18
0	0
127	15
2	18
109	2
0	105
7	98
149	0
8	35
160	126
22	6
289	0
0	139
52	3
0	6
78	0
124	0
0	361
1	6
17	169
51	0
0	126
1	205
23	1
28	35
2502	265
13	2
0	152
59	124
0	1
0	85
0	42
110	43
47	831
15	42
37	15
0	2
0	91
52	0
13	42
40	0
83	0
93	0
183	0
0	4646
164	0
44	0
73	42
26	0
91	0
50	17
35	0
0	5
125	0
291	0
1	0
242	0
68	0
198	0
215	0
0	39
1	18
24	0
0	12
0	33
1262	0
26	14
0	4
5	0
0	43
2	18
2	0
12	0
0	3
0	17
53	5
0	2
44	0
666	0
45	4
0	48
0	20
0	40
0	101
43	69
0	18
0	32
16	127
0	0
0	15
5	0
8	0
0	53
64	0
74	0
37	0
34	0
0	111
83	0
17	13
183	42
11	5
9	0
0	88
2	137
0	370
0	68
46	1
175	138
251	2
0	72
0	4
0	16
0	55
7	14
35	145
0	90
29	102
0	11
0	9
0	9
1500	1
0	12
1	0
192	55
121	0
19	0
127	0
68	0
436	0
0	43
0	0
60	0
0	16
837	43
32	146
309	363
164	309
94	30
18	70
46	34
4	515
52	35
0	7
2	21
29	0
83	16
57	32
18	246
0	106
31	530
63	122
10	27
41	30
363	3882
164	0
12	6
0	189
191	93
28	31
1217	446
67	0
0	715
34	69
762	0
95	0
49	169
0	51
58	93
21	0
0	32
0	16
15	180
71	0
43	0
0	1
0	0
17	0
0	106
0	67
0	52
49	23
11	23
8	4
0	13
4	21
167	0
103	0
1	65
123	47
115	0
0	6
0	9
218	10
291	4
0	3
0	0
40	0
0	6
0	107
0	21
90	0
0	10
65	1
0	1
37	0
0	1
330	0
0	2
0	47
0	150
65	42
21	0
25	0
5	17
25	0
58	146
101	0
1	73
39	4
175	0
22	0
62	0
175	0
371	7
35	0
0	13
2	0
239	0
16	0
0	80
205	0
11	0
207	0
0	83
99	0
53	0
125	21
3	0
0	50
188	0
23	19
0	31
200	30
0	71
728	0
32	0
233	0
603	0
0	86
40	0
3	0
353	0
26	0
254	0
54	0
107	0
182	0
26	0
15	0
75	0
109	0
0	13
0	17
569	0
0	22
115	70
0	5
214	0
0	1449
0	22
0	16
71	66
0	1
52	295
0	0
99	3
0	89
0	23
51	0
0	552
0	123
93	137
28	0
25	161
35	0
76	64
16	9
7	12
47	64
270	0
1501	673
428	0
167	0
2	5
0	2
0	69
0	48
588	0
218	0
0	93
262	9
11	60
20	0
0	34
102	9
70	0
169	0
115	0
194	25
44	2
0	14
576	66
445	3
28	9
0	36
0	23
31	60
2	42
1	6
0	85
0	10
101	0
3	67
0	53
1389	159
425	93
0	77
20	3
107	91
0	164
264	908
77	111
38	22
0	332
0	25
198	36
164	153
61	58
111	39
150	1
0	38
72	219
61	135
2	127
0	11
519	442
331	349
0	0
0	4
119	7
0	47
6	0
0	36
0	23
11	6
0	1
7	0
0	117
2	141
2	13
0	29
23	18
0	305
0	21
0	71
0	13
66	0
79	0
0	30
0	4
37	0
0	12
0	0
24	18
49	0
360	48
0	53
9	162
25	345
34	44
98	0
0	0
7	0
106	0
0	2
8	0
1166	34
1	136
0	14
29	212
0	108
36	0
0	18
0	182
0	168
0	0
10	18
6	3
1007	0
34	0
54	109
0	47
148	24
0	37
0	0
329	0
0	33
0	25
1203	0
62	28
133	41
2369	0
14	8
0	81
0	68
19	2
20	0
0	50
57	135
2	39
37	52
0	53
10	0
248	0
91	16
35	5
110	6
0	7
0	41
0	167
36	49
363	0
546	0
19	0
0	15
7	0
187	1
110	0
0	21
468	0
79	13
0	84
95	56
19	0
0	54
83	0
246	5
91	0
25	0
132	0
265	23
30	0
109	0
0	265
103	13
0	50
48	3
268	0
238	0
281	0
160	0
139	0
13	0
153	320
256	0
0	0
57	0
46	0
0	3
0	73
0	19
0	16
51	56
0	235
12	0
0	0
118	1
163	0
37	0
217	80
145	0
48	0
71	0
220	109
8	10
53	23
57	0
2	8
0	6
22	132
0	7
2	703
0	2
15	71
66	0
0	25
58	98
0	12
0	7
0	2
401	0
99	0
93	20
0	0
8	15
232	0
26	13
57	0
139	0
0	89
0	3
3	68
24	50
1	1
0	10
22	0
0	112
84	0
0	29
122	0
10	0
1	0
11	1
80	0
0	33
47	0
2488	0
232	0
0	15
49	0
0	21
17	0
12	11
0	23
0	338
15	524
45	297
0	8
0	0
25	0
0	0
0	512
0	376
0	6
0	20
18	60
79	0
440	13
0	3
0	5
115	0
77	24
0	31
0	43
45	112
117	0
0	9
0	10
0	151
0	16
0	577
1	31
0	4
40	55
118	0
3	192
4	25
113	0
237	0
19	0
68	0
201	8
71	0
268	0
283	0
28	86
1791	506
0	23
0	10
0	37
0	22
73	401
0	4
45	16
0	13
0	31
0	42
1	211
0	1
0	87
93	16
16	22
123	5
0	150
8	3
39	0
87	0
1	79
37	54
23	2
587	6
0	208
0	26
0	62
8	24
0	64
0	30
22	5
0	26
17	13
174	195
8	0
121	0
0	188
0	34
0	221
0	111
0	80
70	0
0	14
132	1
2	0
5	4
202	0
393	6
170	0
1	4
28	162
29	87
593	0
329	0
0	11
12	1
35	0
16	3
397	145
0	31
7	11
0	12
6	0
0	17
14	92
217	0
320	0
0	0
239	0
0	371
1	12
10	36
0	1
6	68
0	3
6	2
0	21
3	40
15384	3585
0	201
86	0
292	0
0	0
121	0
143	12
0	124
29	212
155	14
0	6
108	12
2	8
70	0
0	18
181	52
0	51
54	267
65	1
0	6
0	58
19	74
20	4
0	22
0	2
120	0
100	12
143	0
11	0
422	192
0	10
0	39
3	0
60	1
0	47
0	8
100	0
0	88
40	0
0	30
0	63
100	0
27	15
36	1
73	0
9	0
326	2
27	36
0	83
0	10
0	4
40	0
0	70
5	15
66	3
1	16
32	14
60	0
0	83
88	23
1	8
0	28
1	0
18	1
7	15
106	0
17	0
6	1
50	249
697	372
61	150
16	10
34	30
28	15
131	0
30	0
77	20
12	235
1112	100
565	541
0	57
22	132
463	0
0	24
35	87
2	91
0	34
83	89
156	201
92	457
21	16
0	40
0	2
1	177
2	254
13	120
1	27
0	4
88	30
5	0
35	1281
137	118
2	8
31	0
109	0
464	0
5	52
170	84
25	40
0	27
33	92
13	0
0	3628
550	33
0	120
4970	1
407	58
104	0
0	33
56	58
85	19
32	47
0	104
76	143
0	228
7	2
0	16
0	150
201	0
20	6
0	279
3	4
0	84
0	52
18	0
419	0
32	0
235	33
0	10
0	30
0	853
270	21
57	0
33	0
66	0
0	20
13	10
0	4
0	30
0	347
14	32
12	4
23	50
1	44
58	77
52	14
0	19
18	2
0	32
0	6
0	17
3	0
4	235
8	11
166	21
43	51
23	141
1253	0
3	6
654	563
60	4
24	23
0	249
0	0
24	1
0	1
0	10
0	64
42	0
0	2
0	46
6	0
320	0
0	81
122	52
5	2
0	6
6	563
0	3
0	56
64	12
10	0
153	47
26	0
0	5
0	89
0	77
0	35
0	0
0	0
43	5
21	17
0	173
33	0
201	0
100	228
186	971
0	65
42	0
297	0
119	16
0	42
17	74
41	56
272	0
134	0
32	6
0	81
5	6
369	14
49	0
5	6
54	0
11	0
36	0
5	8
13	3
29	0
2	3
14	317
0	2
824	42
54	42
165	21
0	4
1	0
15	42
108	0
143	0
32	0
0	27
274	201
1024	0
1	0
0	3
0	18
258	42
3	17
57	0
97	0
19	1
3	56
25	0
11	17
24	7
96	0
0	0
0	3
441	2152
80	0
0	2
0	401
3	16
268	829
12	21
0	14
123	156
0	19
119	63
0	0
1	16
0	77
8	92
10	26
57	125
0	168
41	70
0	17
62	7
39	0
0	8
0	30
31	0
171	0
147	0
0	34
55	121
15	48
72	28
30	38
230	0
0	17
0	223
0	38
9	534
303	94
0	12
0	1
142	0
0	3
69	108
49	49
20	167
413	115
61	192
408	424
254	381
54	8
255	0
175	80
0	22
0	83
0	134
10	3
0	10
176	33
54	714
154	12
55	17
35	34
5	0
0	20
20	0
3	12
19	98
300	461
4	77
8	145
3	182
7	1227
113	212
0	20
0	79
68	8
0	97
431	0
0	192
111	0
38	2
0	14
406	551
4	0
45	0
1	20
101	0
0	2
476	140
23	16
4	3
0	140
0	1
28	34
20	0
54	0
72	16
0	142
6	0
0	0
16	16
0	126
113	0
0	0
3	60
0	81
1	18
0	29
13	13
120	0
0	0
0	0
123	0
0	76
13	98
82	0
12	21
489	0
13	2
0	58
26	0
62	0
72	0
0	251
52	57
44	0
13	49
0	5
73	0
0	27814
0	10
131	54
36	1
7	4
4	76
0	421
0	121
558	7
15	44
0	169
861	0
6	107
18	4
6	65
3	163
0	13
0	0
0	21
0	14
4	6
350	8
363	254
0	131
58	0
0	45
56	1
0	3
41	36
33	0
1	0
0	57
0	189
0	62
62	26
0	12
0	98
0	61
4	6
172	1087
11	103
42	0
795	2
58	31
3	0
935	0
30	6
0	4
0	17
6360	20
59	0
0	31
0	5
93	7
97	37
0	65
4	0
0	0
884	71
0	1085
0	11
0	151
0	46
19	0
9	107
1940	44
0	28
0	18
25	15
60	0
294	0
0	190
2907	2409
99	0
93	0
0	88
2	58
2	0
69	0
39	0
0	186
394	17
7	0
16	18
657	0
0	14
0	0
2	0
0	0
434	3
3	61
27	0
0	31
74	434
6	63
3992	421
3	0
57	78
0	116
0	1
26	15
343	35
847410	0
70	0
37	0
113	0
545	0
0	2
0	99
19	0
101	4
0	8
469	0
0	6
8	3
76	90
807	0
0	18
2	0
207	14
42	0
11	13
989	0
41	0
0	23
5	0
1	9
0	159
108	227
339	1
510	0
0	6
1026	55
81	0
0	73
0	7
0	0
0	29
0	8
57	0
0	0
0	212
2261	7416
8	0
0	133
668	176
98	186
177	114
37	0
0	146
11	46
209	35
41	8
309	144
0	100
0	162
0	23
0	7
89	213
11	58
0	0
1	14
114	0
53	22
1585	529
269	143
0	160
3	0
0	22
0	112
0	51
28	0
0	56
2	9
0	11
0	1
148	60
18	295
182	0
114	135
16	34
689	182
0	132
61	136
0	115
907	120
49	1
31	38
0	10
257	207
121	0
91	0
0	45
4	1
9	26
54	0
0	59
794	93
749	0
0	0
0	38
28	2
36	0
2	0
3	0
0	5
17	45
4540	58
6	0
36	39
14	2
0	2
0	17
54	0
49	0
0	17
0	0
19	18
0	0
14	35
0	18
1	1
353	24
395	0
169	0
0	40
45	0
0	73
133	0
0	0
2	116
30	302
0	32
1902	116
13	36
43	13
0	31
82	0
25	0
12	0
0	0
0	0
0	8
48	0
0	2
37	0
0	20
1039	0
11	0
143	0
0	55
267	0
170	0
88	0
200	0
0	48
82	0
0	33
0	60
0	0
0	0
0	29
66	0
274	0
67	0
129	0
13	4
652	34
58	11
548	9
0	10
15	0
129	4
8	14
23	0
143	0
3	14
203	0
8	0
8	0
19	10
185	0
70	56
0	71
239	0
0	3
0	8
185	133
0	13
0	10
0	16
21	5
50	12
0	60
0	27814
4579	0
35	35
659	0
13	14
261	0
0	58
0	30
0	32
1	60
137	114
5	3
25	92
4	0
0	7
48	48
41	0
1017	0
27	0
1135	0
2	2
0	108
2055	0
150	21
0	22
167	0
0	3
98	269
0	8
34	0
672	0
36	0
46	0
0	10
0	129
90	0
0	16
8	8
24	76
69	0
0	99
8	3
271	0
463	0
0	52
3	35
603	979
181	89
47	0
466	142
1	18
16641	2754
20	1
128	1
5	47
163	0
53	14
162	29
0	2835
197	0
1	34
86	123
131	95
0	62
21	0
27	0
123	58
44	0
10	23
0	51
0	30
260	37
0	957
335	0
68	0
141	94
39	0
9	94
73	0
4	5
0	13
10	24
3	0
0	12
81	0
887	0
0	8
0	97
0	66
86	43
0	1
0	1
546	9
54	22
2	37
0	22
0	2724
0	5
3	56
132	3
221	128
78	125
0	140
0	0
573	0
101	1
32	1
0	0
0	31
103	10
0	32
0	13
139	0
15	0
0	6
1	0
83	0
15	20
0	0
3	0
0	149
0	1
22	0
0	7
0	2
0	0
2	1
0	55
0	4
21	0
154	0
0	17
0	26
18	0
23	98
555	236
0	55
0	2
0	146
8	0
0	40
0	5
0	26
0	20
573	236
206	9
22	3
0	2
0	4
196	29
302	0
0	1
0	28
42	2
0	10
0	3
0	81
71	2
0	7
0	39
28	0
0	205
65	0
0	14
39	665
0	3
0	11
0	116
118	665
1639	42
0	90
172	8
2	4
219	0
97	55
4	40
454	0
1	19
67	77
15	0
2	9
240	42
17	0
4	0
5	0
0	8
78	2
66	0
259	0
31	17
2	4
0	2
19	0
105	0
84	0
0	4
0	129
83	16
37	0
0	121
1	363
1	167
0	170
2	2
0	71
0	70
32	0
0	627
5	14
46	34
0	23
0	71
138	0
50	0
140	0
6	189
0	480
50	0
0	38
194	33
0	56
2	61
255	0
24	0
40	0
95	30
226	0
156	188
0	0
0	8
0	160
117	0
44	153
225	8
639	0
28	2
0	27814
25	2
0	23
12	0
0	134
0	79
50	1
18	7
0	24
182	0
0	8
0	133
48	0
0	23
0	2
137	212
0	68
5	0
0	11
8	5
1084	0
58	0
12	30
0	40
7	10
20	137
351	76
0	214
52	0
9	27
12	9
8	68
0	9
85	117
0	136
16	10
5511	420
46	13
2	256
0	78
18	46
0	71
1	122
23	95
4	57
1	5
8	0
0	70
354	85
223	0
267	41
104	399
44	0
0	4
0	69
326	40
82	16
163	0
0	93
9	122
174	103
33	154
456	94
10	199
0	81
0	49
0	75
109	76
32	0
896	0
3	47
221	13
296	627
19	73
10	0
0	1
4	13
12	10
0	214
316	4
48	11
0	420
294	3
118	0
61	2
2	25
162	0
170	46
24	177
18	76
97	0
67	0
0	14
12	108
0	8
0	2
10	50
0	18
0	25
0	9
4	0
250	64
80	0
18	303
18	64
173	0
15	76
1	0
115	0
184	0
0	28
294	38
56	2
38	16
3022	126
29	0
86	31
1	16
82	2
0	100
136	58
1934	0
127	0
3	94
9	30
284	10
24	13
0	2724
74	0
57	0
214	0
27	8
2	4
0	22
0	94
2	0
0	14
0	113
0	58
110	0
0	25
0	2835
160	13
108	1
1	0
11	0
2594	6494
52	0
62	0
0	117
9	391
417	0
11	0
4	0
0	12
0	3
3340	0
0	110
0	0
0	8
7	0
151	153
32	70
212	1
16	0
60	95
4	130
0	21
0	211
199	129
0	220
3	0
0	178
11	36
31	115
431	129
96	197
0	35
0	2
139	30
6	19
63	14
0	41
331	204
0	61
64	189
264	30
0	19
91	178
14	28
0	18
0	96
4	16
122	100
22	77
37	0
0	77
13	64
17	188
154	105
55	222
0	77
49	77
0	1
961	0
30	8704
0	302
13	81
0	1
55	6
1	8717
96	0
0	129
0	0
111	0
0	50
0	69
15	0
1	1
6	2
0	69
2159	1368
32	1
7	445
13	227
34	38
2	27
58	2
0	18
677	0
0	1
0	35
0	20
0	77
61	0
0	20
0	19
0	73
0	43
0	0
0	55
0	51
3	0
0	193
22	32
164	0
0	2
572	2823
136	0
107	0
877	0
63	0
291	0
0	480
0	9
5	57
0	21
0	6
79	216
0	36
0	0
113	3
0	91
11	229
0	317
2	61
110	23
930	379
29	202
0	21
11	108
232	8
283	10
5	379
55	71
43	0
449	0
0	6
0	177
0	49
54	0
327	59
87	1
0	9
12	4
2	46
0	85
354	0
84	10
0	4
0	2
25	17
34	0
25	4
2	0
340	0
0	10
13	0
37	0
84	0
3	55
151	17
0	14
8	4
3	115
41	1
22	0
4302	0
0	6
10	54
0	480
170	0
101	4
0	5
0	13
0	13
133	0
3	57
0	13
2638	0
120	0
5	99
0	39
0	126
1	2
809	251
22	56
0	0
1	41
0	35
2	5
51	6
1	20
13	0
0	509
106	0
2	5
1	3
0	193
102	0
77	0
0	480
0	37
0	47
44	21
0	9
0	202
182	0
0	74
68	0
471	9
0	39
148	0
286	1
736	1
0	14
17	2
0	529
0	27814
0	78
1	53
0	19
0	4
1	82
0	24
78	112
0	193
0	256
356	0
0	11
231	61
2338	153
0	16
0	16
0	8
30	46
4	164
150	146
0	63
0	2
0	3
136	242
18	1
0	100
1209	207
112	153
886	13
247	110
7	32
21	213
87	455
1	149
5	64
4	93
124	8
359	0
194	282
56	0
16	509
168	0
384	256
1010	0
99	0
0	1
0	38
0	42
7	2
105	0
24	10
0	30
24	9
0	8
7756	0
58	0
209	0
1	11137
126	0
47	2
133	2
0	2
47	0
0	11606
183	11
141	0
0	24
0	37
40	0
93	0
16	0
0	7
66	68
0	4
63	0
22	81
212	0
0	3
0	94
19	0
0	37
0	118
0	9
26	0
160	0
252	0
0	8
0	46
101	0
2	6
1	0
27	0
7	0
202	18
0	6
0	13
12	14
640	71
11	9
47	0
0	132
160	0
210	64
29	8
0	15
15	0
0	40
5	0
443	319
4	114
92	2
73	0
94	0
130	0
0	48
52	17
0	69
0	2
75	0
0	37
0	145
0	77
19	4
4	6
15	62
252	0
18	30
18	7
70	0
0	209
34	152
286	27
1	32
11	5
37	0
0	44
0	24
48	0
0	111
68	187
58	67
0	55
0	228
43	0
503	216
40	120
271	433
0	80
0	80
4	49
68	3
126	70
10	99
14	134
115	113
27	22
17	39
0	9
0	4
188	20
91	0
61	0
0	33
50	12
0	34
83	5
43	0
0	4
300	0
493	0
27	0
2	9
67	0
112	0
603	0
14	22
18	16
54	0
15	0
7	2
82	0
32	0
32	1
0	49
1	0
17	0
43	59
172	0
0	6
92	0
0	19
86	0
47	0
88	55
92	0
98	0
296	146
0	20
0	37
5	1
0	92
0	49
0	10
102	0
413	0
50	80
0	31
0	0
35	0
115	0
1006	0
5	0
0	137
17	6
0	3
4	41
63	0
164	0
0	69
45	0
59	0
0	3
2	87
2	14
13	0
0	41
11	29
53	0
1	1
15	8
0	16
97	0
251	0
0	2
0	1
34	18
49	44
7	12
432	0
81	0
11	2
0	137
111	93
0	1
86	0
62	0
63	71
0	232
8	442
0	4
0	11
1	16
0	19
0	15
18	71
166	0
40	98
68	157
0	60
162	26
0	25
82	0
4	132
56	101
88	30
35	0
4	2
25	34
12	35
132	0
4	0
0	59
17	19
3	15
68	629
223	61
226	12
34	0
28	126
11	44
5	40
141	36
5	59
263	0
106	240
27	0
27	24
16	31
145	0
110	110
103	142
104	53
4	31
66	0
61	0
31	0
0	4
131	135
12	173
2	29
9	0
900	2
18	16
0	258
41	235
25	110
6	104
25	30
135	0
122	2
20	18
160	248
16	83
48	0
12	54
4	0
66	30
36	54
210	0
322	0
119	0
36	0
76	0
56	0
7	80
116	0
0	15
13	13
5418	42
0	109
23	15
14	0
4	0
23	0
20	31
9	0
5	0
23	2783
46	0
87	0
49	14
184	4
258	0
4	120
0	9
54	0
0	4
1	3
0	16
74	0
138	0
24	0
63	0
14	159
3	0
0	313
285	2
396	0
1207	38
104	0
1008	0
0	21
20	0
3	16
12	0
125	4
6	44
3	12
74	0
63	22
37	0
1355	0
0	2
172	0
0	8
92	0
51	0
226	0
202	0
0	7
87	153
4	27
20	0
69	0
159	0
64	0
3	19
274	0
48	95
55	2
16	0
47	0
59	0
0	17
528	0
643	0
79	14
0	59
0	335
54	0
17	0
525	0
27	14
70	0
158	0
34	0
0	147
10	0
87	0
9	22
104	0
15	0
86	0
247	0
85	0
0	29
7	22
1975	0
12	0
2	41
0	6
0	4
6	13
0	4
0	19
71	0
82	13
2	14
0	35
137	4
44	0
55	0
0	92
0	184
1	0
0	13
173	54
0	0
0	7
0	20
2	0
29	90
0	1
3	0
0	0
178	0
0	64
0	53
24	119
285	2
120	14
0	98
120	0
0	19
1	0
127	23
0	252
138	9
0	31
0	8
8	0
0	70
0	6
12	8
409	0
11	0
66	0
120	129
0	14
104	0
245	0
63	165
46	0
18	129
343	0
52	14
0	65
36	22
0	24
54	0
0	0
38	0
99	0
0	234
326	0
0	59
0	107
197	9
67	59
26	0
54	0
0	0
0	4
63	3
0	9
7	35
142	0
0	190
40	0
142	0
0	19
55	0
38	0
2	32
4	0
0	7
42	20
12	5
10	73
0	40
6	0
115	30
154	0
0	25
69	1
14	1
0	15
13	28
58	0
16	47
0	6
0	10
66	0
233	0
11	89
1	3
0	6
0	72
11	128
0	11
192	15
31	0
190	0
0	20
94	0
0	26
0	67
0	33
0	42
3	95
77	0
48	0
333	0
3	5
212	0
87	0
0	23
0	26
1676	156
101	0
139	1
76	3
0	122
0	10
595	0
37	0
135	7
12	5
7	14
217	1
40	0
233	0
248	0
80	5
38	0
31	0
119	0
14	5
80	0
29	0
160	0
95	0
1075	6
18	35
48	0
85	0
350	0
63	0
55	0
0	122
344	0
86	0
0	44
71	0
51	0
0	235
7	0
43	0
52	0
267	94
286	0
22	0
7	0
73	0
0	38
65	6
128	0
13	0
3	241
3	175
41	0
37	77
121	70
18	25
0	0
0	16
1204	0
70	140
212	0
1	0
0	17
1087	40
0	18
0	38
87	3
32	10
39	59
20	22
0	56
65	20
15	84
33	100
62	0
67	0
133	237
75	161
195	70
34	0
149	374
0	120
2151	0
0	20
16	114
88	54
115	42
260	232
15	6
19	1085
1	2
0	101
0	91
0	32
0	1
4	0
88	7
323	0
0	107
18	13
2	22
32	0
0	82
0	82
178	0
0	3
0	49
3	42
0	61
6	6
261	37
155	0
8	12
0	22
32	0
0	20
0	3
0	103
125	26
23	5
0	33
86	16
0	40
8	26
179	0
0	6
0	39
0	137
25	0
0	29
92	0
0	212
0	2497
0	58
391	0
0	127
23	6
10	11
0	102
0	151
0	67
0	216
129	0
189	1
191	0
0	17
10	52
0	162
0	135
89	0
1	3
84	0
16	6
26	0
0	170
286	0
70	0
0	7
0	3
0	57
0	61
9	0
129	0
1	59
8	35
0	4
0	27
0	59
25	14
6	0
10	125
99	0
41	16
11	0
249	0
7	2
94	0
154	0
245	0
0	12
701	0
3	2
0	70
1	16
0	167
45	0
178	10
103	18
139	0
7	30
0	30
164	0
69	0
42	71
0	42
0	12
3	8434
112	0
0	38
6	0
8	0
128	0
110	0
523	26
1	343
26	15
143	0
80	0
1014	442
0	459
28	27
6	2
47	0
0	48
9	1
301	0
1	16
0	26
0	44
0	4
33	0
0	48
73	0
67	0
2	1
0	9
0	134
73	0
74	0
32	0
61	0
154	0
56	0
0	0
52	108
18	0
17	42
85	0
0	26
59	15
160	0
0	54
3	16
1	1
58	0
68	44
93	0
19	1085
4	12
84	27
357	213
166	0
873	0
4	24
253	0
147	22
64	4
0	15
1	0
240	0
94	0
90	55
157	0
0	10
0	2
0	137
149	0
731	264
161	11
113	0
9	168
0	71
1	0
0	2
330	0
11	2
0	35
0	52
0	7
0	2
42	0
564	0
1	34
142	0
89	0
0	37
28	2
485	0
530	0
201	8
46	2
485	25
0	65
0	227
65	0
362	2
0	0
375	0
9	114
17	12
0	11
186	0
0	22
0	10
0	1
7168	117
0	11
8	3
0	136
26	0
35	20
152	42
14	152
37	227
267	149
3	261
14	144
247	0
5	0
0	54
5	52
26	80
0	14
66	182
75	65
637	229
0	73
6	140
30	26
259	14
2	0
127	200
0	59
0	49
6	7
0	39
1	9
6	109
64	40
12	1
506	25
1	252
0	32
10	21
16	44
16	0
0	38
0	16
35	0
205	0
25	0
108	25
34	0
0	31
0	50
23	30
57	308
0	18
213	0
0	2
25	0
158	3
0	53
31	26
0	22
0	74
5	70
0	629
11	0
24	0
20	53
0	13
0	48
0	10
15	0
32	92
20	37
1	20
0	27
142	316
0	22
6	110
0	280
126	150
0	53
0	19
68	37
53	0
28	0
211	225
0	161
5	0
0	134
275	121
6	33
9	192
16	4
0	0
3	99
13	0
46	52
74	315
254	28
19	16
139	0
842	0
395	34
37	0
16	5
0	50
53	73
43	0
0	44
79	0
46	3
61	147
0	9
0	3
0	709
75	7
0	67
0	55
0	94
102	30
4	4
51	52
3	15
3	10
0	110
141	83
48	1755
19	22
1	65
0	0
202	0
67	58
0	9
173	0
56	0
134	0
0	112
30	48
70	0
1	16
5	32
18	7
60	5
49	0
20	0
45	0
0	144
2	128
0	58
167	0
0	121
190	1
6	29
23	165
0	5
102	0
2	181
0	30
3	162
46	52
350	0
485	19
59	0
270	0
6	0
44	0
1	0
1	0
49	0
3	110
110	2
1172	406
0	2
0	234
9	2
43	0
436	48
0	7
25	65
260	4
114	0
9	37
21	0
44	37
8	56
0	272
0	6
33	0
0	242
0	6
0	29
15	19
131	4
37	0
14	0
0	11
1205	0
101	0
0	19
0	10
69	65
120	0
120	10
17	3
12	15
95	0
159	0
2	19
31	40
254	44
44	20
3	98
0	0
0	19
0	3
0	19
88	21
0	46
26	59
29	0
0	54
89	20
0	10
0	1
17	0
1	56
0	4
33	0
121	0
71	1
225	1998
12	0
1	8
18	71
0	52
97	38
0	3
74	9
96	2
3	19
6	22
28	0
23	0
5	0
0	89
15	8
15	25
39	70
0	18
0	4
0	3
0	50
3	19
53	1
57	104
0	138
63	0
1	11
0	20
0	89
80	129
113	0
0	9570
0	339
0	98
41	106
44	6
57	0
0	18
0	7
0	30
0	95
6	0
21	83
0	14
0	151
66	17
2	3
7	6
52	55
0	14
4	55
0	0
153	63
7	0
91	0
1	0
17	119
2	55
10	0
0	23
0	49
209	0
43	30
0	0
80	0
81	0
0	111
0	4
56	0
5	3
0	93
99	0
0	152
144	0
43	0
173	81
107	34
723	0
214	0
39	0
361	0
0	36
0	129
107	88
20	0
0	122
192	0
5	1
170	0
7	5
273	0
20	0
96	46
754	0
0	6
17	0
252	0
0	5
0	21
20	20
1	4
0	97
0	405
6	0
4	2
231	0
160	0
0	49
0	107
259	0
40	90
0	34
115	0
37	0
0	38
0	65
0	57
0	0
154	0
21	0
49	0
66	0
0	48
91	0
101	1
324	1
57	0
183	5
0	2
0	8
0	328
0	150
450	455
72	0
0	1
0	141
0	58
0	2497
0	68
0	105
0	20
0	49
47	1
0	28
4115	226
30	0
16	0
3	232
2	22
149	0
0	12
0	17
15	1
0	85
152	155
63	183
351	0
158	0
33	37
82	0
0	3
11	1
0	2
39	381
1475	299
159	121
0	169
0	13
101	10
43	139
2	30
18	64
25	71
1	17
3	66
92	735
10	10
406	236
76	49
416	405
55	82
8	95
40	71
506	21
177	167
31	11
1	2
30	0
0	0
43	0
13	122
43	2
4	29
532	0
184	0
0	8
59	2
0	11
349	77
85	77
110	0
5	117
209	0
65	39
80	0
1	0
0	28
250	39
330	3
0	274
0	6
114	0
2	47
96	0
237	3
15	19
9	9
8	0
0	0
2	19
5	152
0	12
0	30
20	71
0	374
13	78
72	2
0	0
134	155
0	17
0	70
22	1
77	0
0	137
14	9
0	1
50	16
2	2
80	64
0	71
0	28
0	88
0	99
10	0
0	87
318	0
4	11
0	11
51	0
0	36
89	0
250	0
58	27
5	14
0	17
19	14
49	0
151	7
0	25
160	0
249	0
56	45
0	0
0	36
55	0
1	7
39	80
0	0
0	300
69	0
201	0
12	6
10	0
2	10
0	1
0	61
68	2
109	28
14	21
0	182
19	0
224	0
8	48
521	0
37	0
0	76
71	28
10	38
0	2
450	3
3	0
0	86
37	0
475	0
131	0
250	0
0	31
0	165
110	44
155	0
13	1
2	0
393	0
167	39
0	37
0	1
0	4
0	71
0	69
0	5
24	5
38	44
7	0
17	43
18	119
34	1
161	3
44	115
178	0
14	8
0	515
2	65
14	0
133	0
31	19
24	0
134	0
0	30
0	49
0	29
111	36
0	20
0	71
3	12
0	5
0	63
19	47
0	22
31	11
5	4
0	20
0	15
17	65
37	4
3	3
95	151
0	26
5	6
0	22
0	6
0	105
4	2
11	13
0	6
0	31
0	20
0	40
0	1
341	0
0	48
69	0
59	0
637	225
0	26
4	7
25	21
2131	818
3	37
174	0
48	0
208	98
0	15
227	5
0	115
20	0
0	16
410	0
80	6
300	0
0	15
156	0
1	57
186	37
120	0
42	0
1457	91
44	0
159	92
0	17
79	0
0	9
2	153
20	0
0	11
0	32
16	40
134	0
12	0
0	23
24	0
1	0
0	52
0	31
0	14
198	0
0	204
22	2
20	4
0	7
0	301
90	0
49	0
107	15
20	0
14	6
17	0
0	112
42	139
57	0
49	52
8	52
827	0
18	0
465	1
61	25
0	26
30	11
0	35
77	0
0	8
43	0
158	0
168	388
0	32
850	153
18	49
0	30
127	0
108	0
344	0
0	41
908	23
277	0
85	50
4	4
0	213
13	0
797	0
74	0
109	0
394	0
129	0
135	199
558	0
0	273
134	1
145	0
42	0
64	0
19	0
343	102
212	0
0	0
0	0
96	0
56	0
130	0
0	81
4	0
46	5
0	82
93	0
3	4
22	225
76	0
8	21
51	42
353	160
62	98
3	76
33	0
82	56
104	52
17	0
426	0
41	0
15	16
4	0
755	0
10	31
0	477
0	5
94	19
92	180
47	90
0	71
55	122
2	37
23	11
145	0
0	204
6	3
84	120
0	105
1499	68
101	106
82	65
19	47
973	213
155	0
10	74
0	49
59	2
8	153
0	37
23	399
93	22
21	375
1	30
1	176
815	64
732	0
9	55
40	125
46	6
36	23
0	3
817	0
33	37
0	73
57	48
32	18
4	49
432	205
56	107
117	93
103	22
0	72
451	1
19	43
48	7
0	79
11	151
22	98
540	383
250	177
73	6
3	7
4	19
0	52
0	4
0	16
14	0
0	5
104	0
1	1
0	2
1012	374
0	11
0	160
146	0
129	259
0	20
8	36
0	36
0	28
36	0
54	20
0	43
130	0
175	3911
47	792
0	4
38	49
0	5
14	229
0	174
43	0
1	1
1	17
0	11
0	13
71	0
0	11
136	0
0	10
0	312
22	103
51	1
0	1
1	225
0	4
17	29
0	141
0	3
154	0
5	340
15105	266
0	1
0	0
0	92
0	2872
211	0
719	1
0	0
363	39
0	55
17	0
149	0
0	14
91	65
0	51
0	10
0	1
46	0
200	30
11	0
0	116
3	0
0	18
105	0
223	0
0	9
21	0
58	0
0	3
0	181
1249	0
0	4
0	8
58	0
13	13
1	22
0	37
10	0
0	125
65	87
174	78
17	0
341	0
8	0
10	8
549	23
14	0
0	20
54	0
77	0
112	0
520	0
15	0
136	2
65	23
47	0
0	27
9	2
16	136
0	49
14	73
1	44
0	56
17	0
0	78
31	288
37	0
0	12
13	0
134	6
10	0
0	9
0	9
0	12
144	0
2	114
177	0
42	0
34	0
0	27
242	0
139	0
203	0
147	0
0	22
0	94
10	0
38	2
128	0
0	13
0	34
0	98
323	0
0	4
35	0
201	61
12	0
30	97
2	2
60	0
3	0
54	40
8	4
0	46
7	67
767	0
42	0
0	4
0	0
33	24
151	0
1	4
6	26
10	8
56	0
0	31
129	0
11	0
0	15
20	92
8	5
0	2
0	48
73	46
472	0
52	10
319	0
33	137
125	0
613	0
82	0
46	0
0	17
47	0
1	0
58	26
16	0
137	0
0	1
0	50
0	10
540	0
0	33
0	67
11	4
22	82
20	0
0	25
2474	0
0	46
40	0
0	34
0	453
26	0
6	69
54	17
33	0
21	0
104	0
93	0
165	1
121	0
46	0
35	0
31	0
51	10
0	0
3	29
40	0
231	0
0	5
0	19
979	0
95	0
180	0
25	0
3	10
860	0
60	96
70	0
14	17
0	2
0	117
0	17
0	1
6	4
4	149
42	388
11	31
122	43
11	10
51	43
111	20
284	0
28	0
127	0
183	288
7	18
63	39
88	22
10	193
0	347
0	71
863	108
0	290
362	338
3	115
0	13
141	0
596	60
0	43
241	7357
3	32
393	285
0	109
194	92
53	194
479	38
101	99
0	19
11	0
492	72
0	5
14	2
65	166
15	91
72	63
28	74
271	6
0	63
439	39
465	75
117	267
15	0
128	1
58	96
15	0
0	169
95	0
925	590
45	51
84	440
207	0
16	69
0	275
0	48
0	346
21	9
0	129
592	529
306	361
8	3
17	1
170	2
136	0
0	20
43	0
0	302
63	110
15	9
0	56
29	9
449	40
216	73
96	0
0	129
1	132
28	23
0	177
144	0
0	33
0	37
311	0
131	0
0	18
193	0
25	103
221	0
543	0
0	27
14	0
44	0
0	9
151	20
0	9
0	23
1199	0
247	14
33	181
0	2
14	47
30	8
0	3
231	96
0	27
0	1
0	7
5	29
0	26
0	10
0	7
18	18
68	0
0	17
0	15
208	0
0	38
34	0
22	0
0	288
54	50
9	110
38	0
0	72
0	11
180	53
32	4
67	14
1	268
153	0
11	48
0	34
15	31
0	66
0	57
0	3
744	181
0	24
631	56
15	86
103	0
1	127
10	11
5	16
185	279
26	9
510	1736
176	123
27	49
344	158
183	0
85	53
99	20
22	1
22	79
1	20
6	10
59	116
39	25
0	24
0	1
57	55
15	155
41	63
26	79
2	11
16	0
96	646
2	227
59	27
1734	93
65	254
16	384
0	101
380	16
97	224
0	64
29	67
10	205
29	18
76	149
142	177
52	107
0	20
25	476
13	36
112	339
206	261
111	7
44	0
2	19
1	4
0	55
931	8733
36	0
0	47
61	18
73	13
147	0
0	41
32	0
140	0
82	0
0	102
6	0
49	20
34	0
0	19
8	101
4	32
27	8
0	104
214	13
13	16
135	16
27	6
0	22
0	20
0	45
6	26
10	0
6	0
139	76
0	23
0	20
88	147
29	0
0	78
21	6
0	163
203	0
27	7
215	0
1	0
0	271
0	27
41	0
0	25
143	39
2	39
4084	39
0	2
96	108
18	1
10	0
1	22
47	154
51	31
80	3
2	56
105	3
7	0
0	18
1	163
99	146
264	0
231	0
113	0
6	3
0	7
30	0
0	181
0	60
67	0
14	0
5	220
114	0
0	12
0	118
0	8
36	20
63	0
0	29
109	19
0	73
0	43
778	0
0	261
0	226
107	0
0	51
23	14
7	1
106	0
528	0
82	0
386	29
0	43
0	106
119	0
0	97
26	0
9	1
312	0
0	39
0	15
181	0
0	28
0	29
38	0
188	0
104	7
54	0
173	42
46	0
82	0
105	287
5	2
331	0
0	29
1	0
67	4
141	0
5	16
415	0
38	0
0	9
30	6
1057	0
2	32
143	0
507	0
71	0
0	9
39	0
0	72
106	68
0	123
18	0
117	64
250	1
255	0
0	30
0	16
66	0
70	0
258	164
0	343
0	129
0	37
0	132
0	315
55	0
0	64
260	175
0	22
6	177
10	17
2	0
159	264
0	51
0	6
122	15
0	44
130	0
130	8
329	0
0	15
0	13
0	25
5	13
12	32
0	2
0	122
0	96
2	559
0	1437
0	50
65	59
24	45
2001	34
0	4
0	124
859	0
0	8
39	10
8	31
3	5
0	53
15	0
51	10
0	62
0	7
0	4
0	12
0	53
0	298
27	12
0	142
0	9
11	0
44	217
0	73
1	2
637	0
127	87
424	0
9	20
0	6
63	20
49	0
17	6
61	0
12	3
25	2
12	0
5	12
0	46
0	69
3	0
72	0
15	0
148	108
303	463
0	4
0	18
123	0
90	0
6	26
17	6
0	44
65	0
0	31
47	9
10	9
97	0
15	0
0	44
26	0
0	7
141	0
0	40
8	4
20	9
7	3
60	8
2	0
0	17
10	3
0	28
25	0
10	1389
180	0
0	12
0	22
0	18
35	4
0	16
0	84
0	74
0	261
9	0
2	31
65	11
112	2
10	0
482	48
1	0
909	993
272	0
0	25
0	17
0	7
180	119
0	6
36	0
3	0
0	0
5	127
2	4
74	0
11	131
199	0
28	8
219	9
0	285
0	62
58	52
0	76
240	0
0	56
0	32
12	1
39	21
692	0
169	0
0	13
0	0
61	10
0	358
0	41
20	46
135	0
191	1
75	0
0	4
52	56
36	17
86	2
0	17
1	0
881	0
326	0
1	1
24	13
0	438
0	192
165	0
0	17
931	349
107	19
69	281
26	0
2	175
0	6
10	74
1	10
523	69
155	0
128	234
15	0
10	0
0	70
36	13
0	155
3	0
3	10
32	0
0	5
0	11606
116	6
57	0
22	0
14	21
362	0
0	234
7	14
0	34
417	0
17	0
0	121
0	24
0	83
1	49
285	0
2	53
0	37
0	1
111	0
15	1
17	0
9	11
0	26
25	124
91	0
0	3
0	106
0	1
5	61
0	8
0	20
15	0
0	19
0	218
59	5
283	0
244	993
2	0
0	15
0	2
84	78
28	41
270	0
53	42
125	12
0	11
6	6
5	10
100	0
246	0
18	7
10	1
0	77
28	0
55	0
0	6
44	4
0	39
0	646
0	1
0	0
44	0
4	0
151	4
0	58
194	14
0	30
52	0
1019	1755
183	19
67	5
9	0
0	7
155	24
0	16
0	3
4	65
53	56
16	2
6	39
0	5
109	0
0	9
74	0
13	0
96	0
0	25
24	0
9	0
0	0
0	43
0	44
2	165
0	78
0	36
32	0
0	30
190	0
41	205
0	5
29	0
0	0
1	40
202	2
0	19
14	0
0	0
0	34
0	280
442	0
94	0
0	19
5	8
0	7
341	0
5	24
134	25
0	2110
0	31
59	1
93	0
640	0
55	384
52	103
65	7
195	12
68	0
524	116
0	86
0	14
4	2
2	0
69	0
149	0
0	246
1	8
340	0
0	12
41	0
23	1
30	37
196	194
0	0
0	34
7	8
5	0
0	2005
6	25
3	3
0	5
0	12
27	5
0	47
0	17
0	24
375	16
34	13
22	0
0	10
302	0
0	49
0	27
482	16
0	111
34	234
55	42
0	16
120	0
1	116
0	20
339	0
1129	283
0	4
0	60
142	0
0	3
185	0
0	19
57	0
170	0
7	6
143	37
0	75
0	36
0	2835
0	51
9	0
0	7
0	14
0	0
17	0
20	0
30	0
0	46
372	0
377	0
9	4
32	0
12	64
6	27
0	0
36	0
33	0
0	0
8	0
75	0
41	0
0	22
0	9
47	0
12	1
18	22
23	0
0	41
19	8
32	64
121	1
11	41
13	67
38	54
55	41
27	47
0	0
50	165
159	244
0	130
95	0
16	0
70	0
0	92
22	232
123	2637
0	61
90	0
222	41
181	0
18	40
281	37
0	289
48	1
354	0
13	1
131	0
0	172
417	0
113	0
1	41
0	12
0	39
69	0
5	37
0	11
34	0
0	50
0	17
0	26
5	16
0	78
4	419
692	92
0	60
0	14
65	0
0	30
0	19
271	184
0	0
590	42
192	0
39	0
0	165
0	14
0	5
19	0
31	0
0	15
11	56
10	11
67	0
335	3
0	0
0	14
0	0
0	133
0	9
84	0
0	187
50	0
20	25
39	6
0	36
0	1
4	12
0	10
40	0
0	48
18	9
1	0
362	107
0	1906
1	1
0	60
2	5
0	7
14	6
174	0
62	12
252	65
47	0
38	0
0	125
190	12
85	0
177	0
305	0
0	7
214	39
124	122
460	21
2	9
576	0
94	0
0	47
131	46
128	0
0	3
5	9
4	24
0	0
28	0
176	0
33	0
78	0
41	0
131	4
57	57
40	62
36	29
0	20
26	0
0	7
33	0
0	43
37	17
0	1
1335	45
2	86
0	11
162	42
61	78
0	11
0	101
0	20
22	2
1	19
0	24
256	44
32	0
45	0
0	5
29	33
0	18
0	2
0	9
162	43
0	84
42	0
32	0
92	0
0	120
0	45
39	0
0	4
144	0
44	0
33	0
22	0
0	59
8	3841
86	7
84	524
12	2
2	89
13	0
112	49
2	11
0	12
0	3
225	4
4	13
4	100
0	36
285	0
0	90
23	0
22	15
15	0
28	0
380	0
1107	0
248	0
0	19
19	3
99	4
852	53
197	1
0	79
21	0
12	202
0	107
359	0
41	0
2	53
0	99
0	93
4	0
92	19
0	29
158	0
0	20
14	28
1	170
13	170
0	6
1	0
295	0
56	0
196	0
208	0
28	0
39	0
457	0
1401	495
0	67
63	133
57	0
72	0
0	11
940	1
0	0
19	41
159	1
0	2
10	0
30	50
9	7
31	53
3	96
35	0
4	7
48	5
5	97
0	21
37	269
0	13
223	13
30	17
2	161
40	66
258	13
0	1
0	61
23	17
32	363
0	66
0	111
186	55
35	230
0	59
0	15
0	0
28	0
10	21
22	0
13	197
163	82
216	382
16	40
3	0
12	17
20	9
138	61
110	62
120	0
0	8
0	0
143	35
8	7
72	0
0	111
41	12
71	55
20	54
0	4
63	518
26	72
64	411
656	207
0	59
5	43
2	192
162	0
41	0
71	7
101	52
3	20
9	76
4	39
0	15
1	15
77	1
39	0
0	35
2	18
151	0
0	21
28	110
318	90
50	57
2	3
0	2
0	78
214	0
154	0
0	10
204	116
650	0
57	523
0	54
0	0
163	0
0	109
2	0
0	57
2	39
0	0
0	33
4	1
4	0
45	161
343	0
28	13
0	13
370	0
0	78
197	45
1	15
0	21
0	68
5	40
2	1
0	12
712	498
82	39
110	0
0	31
0	1
178	161
0	18
0	25
0	42
0	3
22	0
0	9
0	13
0	3
7	6
1	82
44	0
185	2
0	44
0	10
86	0
16	87
0	150
1	2
0	2
74	0
54	163
0	67
84	0
14	8
37	167
211	0
121	27
85	5
190	140
1	14
1	20
0	47
38	0
1	0
2	20
0	32
98	0
98	0
20	0
0	8
6	30
32	0
673	806
0	0
0	4
1	9
0	15
54	0
261	12
0	37
2	50
30	10
0	33
0	140
0	45
5	2
8	0
52	0
0	174
0	41
0	46
0	50
0	324
0	0
0	25
267	0
164	5
50	0
27	0
8	39
0	1
2	11
17	112
0	1
0	20
39	2
56	0
32	11
0	21
84	5
168	15
60	0
13	0
0	154
0	28
0	23
565	0
8	74
40	0
573	0
287	0
20	11
46	8
84	0
0	75
362	0
0	11
14	0
0	59
44	0
6	2
28	39
326	3
645	0
16	19
0	0
252	0
33	9
424	232
23	232
51	0
20	0
79	41
0	39
0	76
26	0
0	110
0	12
0	9
48	38
265	0
87	0
0	112
18	3
229	0
4173	0
0	9
0	54
39	0
0	173
0	3
931	0
60	0
23	11
255	952
85	0
0	14
137	0
0	93
0	9
128	0
0	713
62	0
618	952
0	883
114	0
0	114
0	41
10	0
0	45
0	57
0	55
271	62
211	0
0	46
0	17
79	0
2	0
38	130
27	160
81	20
17	10
34	21
0	7
0	8
0	16
0	22
0	11
128	0
36	0
3	9452
10	12
0	12
0	50
113	0
0	24
45	0
649	0
69	0
0	75
0	38
677	0
23	2
33	0
0	7
26	0
0	77
898	74
3	33
42	7
0	19
0	17
0	82
0	65
0	37
101	0
0	42
2	2
0	1
0	85
7	1
0	0
0	50
223	0
36	0
0	10
0	29
24	0
0	8
0	35
0	24
0	101
0	0
32	0
0	7
42	12
0	6
43	16
134	25
22	213
1	107
14	154
10	105
0	103
3	87
41	29
0	23
0	38
0	25
117	24
39	2
56	0
8	6
2729	344
60	168
361	93
52	130
0	35
2	60
133	132
196	833
43	135
0	8
61	13
71	0
1	53
68	1
5	50
14	39
9	46
88	96
0	50
0	24
1117	138
204	110
19	0
46	45
20	76
1	15
84	214
98	33
15	3
2	40
0	0
0	44
215	230
60	0
0	72
0	9681
22	0
0	83
29	3
0	57
0	61
0	179
9	13
68	2
0	262
0	52
0	227
5	0
0	18
0	4
1180	0
0	2608
428	47
0	1
127	0
24	15
121	0
0	4
20	12
253	216
0	0
77	0
0	56
37	0
4	187
139	0
12	1
0	2
0	32
0	176
0	22
0	53
327	0
209	0
0	20
4	47
130	30
0	152
1	0
0	22
409	0
4	5
0	7
0	91
0	4
0	0
24	83
0	56
16	14
0	26
4	33
0	38
24	33
53	106
64	30
2	0
289	0
25	121
0	248
13	57
611	137
93	91
29	170
0	94
5	11
11	0
207	35
18	64
0	41
151	57
0	38
2	14
66	4
45	42
68	0
32	0
108	0
0	42
0	408
25	0
0	5
127	266
66	24
0	54
0	0
7	51
0	91
0	35
0	50
51	0
0	2
0	42
0	24
0	163
1	0
102	0
0	99
6	6
24	83
169	0
0	28
3581	134
0	26
0	7
94	0
32	0
0	114
0	13
0	16
3	38
45	0
306	0
14	193
0	82
13	0
78	0
18	0
29	0
23	32
0	32
43	162
6	3
45	0
5	49
0	55
1	47
0	6
155	121
102	0
0	46
143	0
0	40
35	7
0	82
3134	416
36	0
0	47
0	123
0	29
32	156
37	39
0	5
0	74
1	15
22	0
35	30
0	9
0	53
0	2
67	25
6	5
0	9
33	0
8	1
0	78
40	0
1	58
0	0
358	0
81	0
517	0
2	21
11	211
0	54
0	10
0	37
0	107
58	0
0	12
0	0
0	29
6	11
0	4
0	69
0	74
40	0
0	259
3	0
9	0
0	81
0	17
3	4
170	35
336	0
167	0
52	0
0	39
46	10
174	0
65	0
322	0
0	72
141	29
0	131
38	126
288	104
0	39
0	118
20	43
39	31
72	0
52	0
50	0
2	25
97	81
21	156
25	218
0	393
0	35
112	77
0	19
87	0
5	81
0	2
0	1282
35	161
270	43
10	10
0	125
423	0
0	6
302	285
5	9
43	93
143	27
19	251
0	0
23	41
2	93
92	2
0	15
18	361
7	34
174	29
27	0
0	27
0	53
25	265
867	181
241	93
53	162
0	51
62	45
9	43
90	10
0	7
0	84
35	188
0	12
0	7
0	1
0	17
0	6
0	96
92	0
352	0
80	0
0	5
51	76
0	35
0	31
113	0
722	0
0	53
78	5
0	161
4	2
0	10
17	63
4	12
4	0
148	63
45	1
169	4
339	0
0	42
0	4
145	0
243	0
93	0
0	118
0	1
173	0
0	6
10	117
58	0
0	14
0	6
70	0
2	2
21	2
60	0
0	33
0	40
0	30
0	30
0	18
0	368
25	0
26	61
0	81
723	0
1	8
0	82
0	140
0	17
127	0
17	0
90	107
3	23
51	0
109	0
0	29
65	25
0	84
40	19
85	0
0	9
37	90
4	0
3	0
0	48
29	0
2	2
128	0
0	20
139	0
0	34
8	0
880	6
487	23
0	58
0	2609
0	93
3	7
0	29
4	17486
236	0
0	0
7	50
0	13
15	0
196	0
95	27
0	155
107	27
14	6
1103	0
0	5
0	28
0	29
30	0
63	10
47	0
263	0
93	0
0	18
387	50
71	0
6	12
96	0
55	0
1	0
228	0
5	35
40	0
0	34
11	0
515	0
0	93
6	7
23	35
0	26
0	30
9	8
47	20
2	2
7	35
162	0
206	15
15	0
31	16
38	14
0	0
54	48
1	48
2072	813
56	813
0	13
82	4
0	0
202	0
0	76
0	283
912	69
108	0
15	0
50	48
0	2
37	2
185	0
153	25
209	0
33	0
3865	1081
0	16
55	0
15	2
18	0
0	91
0	37
0	139
0	37
0	1
0	5
0	15
0	6
1127	0
0	119
199	0
0	0
1067	5219
111	195
0	0
492	0
385	60
0	5
0	21
0	16
0	27
0	37
22	0
6	22
29	0
9	0
25	87
7	6
39	0
0	68
93	0
12	57
0	4
11	0
65	28
0	121
0	97
0	39
0	63
0	68
0	11
0	7
0	11
30	0
0	54
0	2
0	30
0	89
40	0
0	47
0	108
0	46
0	44
202	78
0	190
0	6
28	0
0	58
0	50
0	96
0	278
0	44
97	17
0	16
0	66
0	37
0	25
0	172
0	2
62	17
0	16
0	20
0	13
5	0
0	7
0	495
38	0
0	272
0	9
119	0
99	142
0	154
0	52
0	47
0	25
0	22
45	0
76	33
244	12
47	0
0	79
78	46
91	8
0	49
36	0
1	88
0	9
0	36
0	196
0	44
0	103
0	102
0	16
0	49
0	118
0	45
0	94
0	37
0	45
0	12
22	0
37	0
0	207
0	451
0	9
104	17
19	18
0	13
86	0
0	101
7	0
209	0
0	11
0	23
3	0
0	9
2	0
31	7
1	32
0	94
2	13
31	0
2252	0
15	0
43	0
135	2
4	41
0	25
0	65
0	111
0	54
119	0
25	0
22	0
0	10
1	1
0	27
209	107
0	29
6	11
0	11
8	288
0	48
0	39
0	25
0	55
0	14
0	2
5	22
175	0
0	271
3	0
0	6
0	7
0	26
0	10
0	163
1	0
0	96
0	0
4	1
0	59
0	44
0	76
0	40
0	41
0	15
0	55
294	0
0	46
5	7
0	12
0	14
0	26
0	55
0	201
0	5
0	12
0	25
0	16
0	57
2	94
14	0
0	0
38	48
0	84
0	10
0	26
1	582
37	0
53	32
0	4
0	2
0	25
13	78
0	82
10	147
5	0
0	42
144	0
1	8
5	0
0	102
0	63
192	23
0	53
0	6
0	36
8	24
25	0
0	36
0	3
0	3
0	0
0	3
0	139
0	44
0	17
0	126
14	42
0	59
4	63
0	176
15	0
0	157
0	26
11	1
0	82
86	95
296	47
0	54
15	0
68	42
89	6
21	53
0	168
9	0
0	26
0	13
0	9
0	3
0	39
0	108
0	1
16	546
0	30
0	112
14	12
0	115
3	21
0	514
294	2
0	53
162	136
0	47
0	3
20	1
0	32
10	464
0	42
0	53
0	145
0	55
0	56
0	13
0	486
0	30
0	48
0	95
129	40
0	37
0	96
0	18
25	0
0	12
27	75
0	12
0	109
0	68
0	22
0	65
7	0
0	17
17	5
0	89
0	19
6	0
0	115
1	2
10	0
62	0
0	17
100	540
0	22
0	52
0	17
6	36
20	0
0	25
0	23
50	0
0	6869
0	15
0	144
2	4
0	25
0	9
0	15
0	135
326	0
2064	0
7	1
0	37
0	13
0	166
0	28
0	163
0	37
0	16
0	78
0	13
0	37
0	101
5	51
0	27
194	3
0	22
0	10
0	17
0	18
0	22
41	314
0	16
0	41
0	13
22	7
33	0
151	155
0	691
0	149
50	39
86	0
0	24
0	25
0	73
0	196
0	70
0	50
172	174
0	36
4	58
0	5
0	37
0	150
0	137
9	147
0	7
0	22
94	14
0	36
0	14
61	15
0	39
0	24
0	3
34	6
7	6
0	22
0	40
0	196
0	83
25	12
0	108
0	1
0	25
123	31
35	0
40	4
0	178
18	20
480	0
35	0
8	79
0	10
1	1
8	0
0	69
0	16
0	32
3	0
17	0
0	7
0	70
9	11
27	0
62	432
0	11
12	4
0	16
3	0
0	25
0	7
0	12
13	0
80	0
0	191
20	44
0	69
0	15
8	19
0	42
0	29
0	76
5	15
24	171
0	16
0	12
0	20
0	22
0	38
0	132
0	4
54	6
0	56
0	367
109	46
0	15
0	165
0	12
0	17
0	52
0	124
0	13
0	16
0	9
0	16
0	20
4	2
94	253
0	92
33	13
0	148
0	19
0	33
0	21
35	71
0	10
0	16
0	1
10	195
9	35
1	9
0	1
0	16
0	32
0	3
0	13
0	55
0	255
64	0
0	109
0	4
0	10
0	34
0	74
0	70
21	1
0	11
0	51
1	3
0	1
0	82
129	6
0	43
0	22
0	28
0	37
0	27
0	16
4	67
0	72
0	24
0	142
48	0
6	6
10	19
0	17
115	22
0	24
1	150
0	33
0	311
0	265
0	151
0	22
3	0
0	47
0	68
20	120
0	164
0	7
0	67
0	75
0	8
6	9
2	422
0	18
0	67
0	57
120	10
0	12
0	70
0	451
0	152
95	118
0	107
34	3
30	47
0	143
0	45
0	29
0	27
0	16
0	21
0	131
0	55
10	22
0	140
0	70
19	0
0	3
0	77
0	50
0	3
0	23
0	31
78	0
3	63
0	364
0	22
0	16
66	0
0	1
0	11
0	32
0	23
0	383
66	0
81	0
4	22
0	13
0	156
0	45
4	40
0	178
8	40
107	0
5	38
0	58
0	25
2	2
19	18
0	18
0	16
0	13
0	65
0	31
0	34
27	30
0	23
38	19
387	57
0	11
0	13
0	19
0	21
4	16
0	46
0	86
0	0
0	17
0	4
15	23
0	53
0	48
0	142
0	167
0	102
0	26
0	104
112	175
67	0
0	10
0	93
1058	68
0	60
0	10
0	14
4	27
0	71
0	19
6	36
0	56
0	4
0	29
18	69
0	23
5	4
168	76
147	65
0	17
95	162
72	0
0	159
61	0
0	128
0	42
0	13
0	184
76	0
0	62
228	0
0	28
260	0
34	8
0	22
0	21
3	51
50	0
0	3
0	4
0	47
0	85
13	41
189	0
0	14
0	14
2	11
0	78
0	46
0	54
0	3
0	15
0	9
0	152
0	34
0	221
0	129
5	3
0	32
0	57
0	58
9	0
0	11
0	18
0	87
0	23
0	7
0	17
0	347
0	39
0	14
6	68
174	125
0	21
241	73
7	46
70	0
0	52
0	27
0	14
0	24
2	37
17	30
141	42
13	0
0	128
0	118
0	4
28	0
150	0
15	4
0	108
0	77
0	17
0	5
0	13
0	76
0	39
23	22
0	15
0	8
0	36
0	46
0	29
0	62
85	0
0	88
0	11
0	22
0	15
0	75
25	0
0	11
0	12
26	47
0	11
0	34
104	0
0	13
0	8
176	16
0	28
0	22
0	76
0	21
4	34
0	171
11	151
0	64
0	91
0	89
16	0
0	19
0	2
0	65
0	51
68	0
70	32
26	0
0	115
0	5
0	12
0	50
0	92
0	3
0	0
50	36
0	9
0	36
646	0
0	53
1	30
0	48
0	17
0	22
9	68
0	3
0	7
0	13
26	17
13	0
0	220
0	26
62	0
0	12
86	0
49	25
0	56
10	1
0	5
169	0
0	12
0	50
28	0
0	9
0	35
4	17
21	37
11	30
0	124
10	508
0	58
0	34
1	158
0	193
0	55
0	1
0	32
0	4
0	9
0	23
0	174
0	158
0	194
0	51
0	36
38	37
38	48
0	69
0	84
0	18
0	59
13	0
3	6
93	0
1	21
11	0
13	0
51	200
176	0
0	31
0	45
0	46
0	21
0	37
0	6
2	20
16	29
24	20
9	0
16	0
0	58
0	13
0	32
28	0
7	0
0	19
0	64
0	261
0	22
0	84
0	18
0	98
0	127
0	79
0	7
0	42
11	11
0	60
0	3
15	2
650	71
0	170
0	47
14	14
0	8
0	8
2	34
0	50
0	3
41	8
0	16
0	21
18	69
0	1
17	17
0	3
0	30
0	47
0	2
0	81
0	95
67	0
94	5
0	371
0	69
0	66
66	0
0	139
0	35
59	0
0	62
134	4
0	17
3	0
0	64
1	3
0	138
0	12
0	277
4	25
186	0
0	194
0	3
26	13
39	0
0	44
0	23
343	0
0	55
144	523
257	0
32	42
0	18
0	47
0	112
14	0
0	106
6	59
0	46
35	0
0	23
0	175
0	29
0	7
0	23
0	20
0	32
9	8
0	13
0	26
212	0
0	17
0	24
107	0
0	214
0	35
0	3
35	15
82	0
0	11
0	25
0	41
66	267
0	160
0	21
0	49
38	72
42	0
0	137
0	10
0	12
0	30
0	73
0	6
0	13
242	35
0	44
0	6
0	29
0	14
